"URL","Page Family","Numerator","Denominator","Simplified Fraction","Decimal","Percent","Priority","Indexable","Canonical","Related Page"
"/what-is-equivalent-to-1-2-fraction","Equivalent Fractions","1","2","1/2","0.5","50%","A","true","/what-is-equivalent-to-1-2-fraction","/1-2-as-a-percent-and-decimal"
"/1-2-as-a-percent-and-decimal","Percent and Decimal","1","2","1/2","0.5","50%","A","true","/1-2-as-a-percent-and-decimal","/what-is-equivalent-to-1-2-fraction"
"/what-is-equivalent-to-2-2-fraction","Equivalent Fractions","2","2","1/1","1","100%","A","true","/what-is-equivalent-to-2-2-fraction","/2-2-as-a-percent-and-decimal"
"/2-2-as-a-percent-and-decimal","Percent and Decimal","2","2","1/1","1","100%","A","true","/2-2-as-a-percent-and-decimal","/what-is-equivalent-to-2-2-fraction"
"/what-is-equivalent-to-1-3-fraction","Equivalent Fractions","1","3","1/3","0.333333333333","33.3333333333%","A","true","/what-is-equivalent-to-1-3-fraction","/1-3-as-a-percent-and-decimal"
"/1-3-as-a-percent-and-decimal","Percent and Decimal","1","3","1/3","0.333333333333","33.3333333333%","A","true","/1-3-as-a-percent-and-decimal","/what-is-equivalent-to-1-3-fraction"
"/what-is-equivalent-to-2-3-fraction","Equivalent Fractions","2","3","2/3","0.666666666667","66.6666666667%","B","true","/what-is-equivalent-to-2-3-fraction","/2-3-as-a-percent-and-decimal"
"/2-3-as-a-percent-and-decimal","Percent and Decimal","2","3","2/3","0.666666666667","66.6666666667%","B","true","/2-3-as-a-percent-and-decimal","/what-is-equivalent-to-2-3-fraction"
"/what-is-equivalent-to-3-3-fraction","Equivalent Fractions","3","3","1/1","1","100%","A","true","/what-is-equivalent-to-3-3-fraction","/3-3-as-a-percent-and-decimal"
"/3-3-as-a-percent-and-decimal","Percent and Decimal","3","3","1/1","1","100%","A","true","/3-3-as-a-percent-and-decimal","/what-is-equivalent-to-3-3-fraction"
"/what-is-equivalent-to-4-3-fraction","Equivalent Fractions","4","3","4/3","1.33333333333","133.333333333%","B","true","/what-is-equivalent-to-4-3-fraction","/4-3-as-a-percent-and-decimal"
"/4-3-as-a-percent-and-decimal","Percent and Decimal","4","3","4/3","1.33333333333","133.333333333%","B","true","/4-3-as-a-percent-and-decimal","/what-is-equivalent-to-4-3-fraction"
"/what-is-equivalent-to-5-3-fraction","Equivalent Fractions","5","3","5/3","1.66666666667","166.666666667%","B","true","/what-is-equivalent-to-5-3-fraction","/5-3-as-a-percent-and-decimal"
"/5-3-as-a-percent-and-decimal","Percent and Decimal","5","3","5/3","1.66666666667","166.666666667%","B","true","/5-3-as-a-percent-and-decimal","/what-is-equivalent-to-5-3-fraction"
"/what-is-equivalent-to-1-4-fraction","Equivalent Fractions","1","4","1/4","0.25","25%","A","true","/what-is-equivalent-to-1-4-fraction","/1-4-as-a-percent-and-decimal"
"/1-4-as-a-percent-and-decimal","Percent and Decimal","1","4","1/4","0.25","25%","A","true","/1-4-as-a-percent-and-decimal","/what-is-equivalent-to-1-4-fraction"
"/what-is-equivalent-to-2-4-fraction","Equivalent Fractions","2","4","1/2","0.5","50%","A","true","/what-is-equivalent-to-2-4-fraction","/2-4-as-a-percent-and-decimal"
"/2-4-as-a-percent-and-decimal","Percent and Decimal","2","4","1/2","0.5","50%","A","true","/2-4-as-a-percent-and-decimal","/what-is-equivalent-to-2-4-fraction"
"/what-is-equivalent-to-4-4-fraction","Equivalent Fractions","4","4","1/1","1","100%","A","true","/what-is-equivalent-to-4-4-fraction","/4-4-as-a-percent-and-decimal"
"/4-4-as-a-percent-and-decimal","Percent and Decimal","4","4","1/1","1","100%","A","true","/4-4-as-a-percent-and-decimal","/what-is-equivalent-to-4-4-fraction"
"/what-is-equivalent-to-5-4-fraction","Equivalent Fractions","5","4","5/4","1.25","125%","A","true","/what-is-equivalent-to-5-4-fraction","/5-4-as-a-percent-and-decimal"
"/5-4-as-a-percent-and-decimal","Percent and Decimal","5","4","5/4","1.25","125%","A","true","/5-4-as-a-percent-and-decimal","/what-is-equivalent-to-5-4-fraction"
"/what-is-equivalent-to-6-4-fraction","Equivalent Fractions","6","4","3/2","1.5","150%","A","true","/what-is-equivalent-to-6-4-fraction","/6-4-as-a-percent-and-decimal"
"/6-4-as-a-percent-and-decimal","Percent and Decimal","6","4","3/2","1.5","150%","A","true","/6-4-as-a-percent-and-decimal","/what-is-equivalent-to-6-4-fraction"
"/what-is-equivalent-to-7-4-fraction","Equivalent Fractions","7","4","7/4","1.75","175%","A","true","/what-is-equivalent-to-7-4-fraction","/7-4-as-a-percent-and-decimal"
"/7-4-as-a-percent-and-decimal","Percent and Decimal","7","4","7/4","1.75","175%","A","true","/7-4-as-a-percent-and-decimal","/what-is-equivalent-to-7-4-fraction"
"/what-is-equivalent-to-1-5-fraction","Equivalent Fractions","1","5","1/5","0.2","20%","A","true","/what-is-equivalent-to-1-5-fraction","/1-5-as-a-percent-and-decimal"
"/1-5-as-a-percent-and-decimal","Percent and Decimal","1","5","1/5","0.2","20%","A","true","/1-5-as-a-percent-and-decimal","/what-is-equivalent-to-1-5-fraction"
"/what-is-equivalent-to-3-5-fraction","Equivalent Fractions","3","5","3/5","0.6","60%","A","true","/what-is-equivalent-to-3-5-fraction","/3-5-as-a-percent-and-decimal"
"/3-5-as-a-percent-and-decimal","Percent and Decimal","3","5","3/5","0.6","60%","A","true","/3-5-as-a-percent-and-decimal","/what-is-equivalent-to-3-5-fraction"
"/what-is-equivalent-to-4-5-fraction","Equivalent Fractions","4","5","4/5","0.8","80%","A","true","/what-is-equivalent-to-4-5-fraction","/4-5-as-a-percent-and-decimal"
"/4-5-as-a-percent-and-decimal","Percent and Decimal","4","5","4/5","0.8","80%","A","true","/4-5-as-a-percent-and-decimal","/what-is-equivalent-to-4-5-fraction"
"/what-is-equivalent-to-6-5-fraction","Equivalent Fractions","6","5","6/5","1.2","120%","A","true","/what-is-equivalent-to-6-5-fraction","/6-5-as-a-percent-and-decimal"
"/6-5-as-a-percent-and-decimal","Percent and Decimal","6","5","6/5","1.2","120%","A","true","/6-5-as-a-percent-and-decimal","/what-is-equivalent-to-6-5-fraction"
"/what-is-equivalent-to-7-5-fraction","Equivalent Fractions","7","5","7/5","1.4","140%","A","true","/what-is-equivalent-to-7-5-fraction","/7-5-as-a-percent-and-decimal"
"/7-5-as-a-percent-and-decimal","Percent and Decimal","7","5","7/5","1.4","140%","A","true","/7-5-as-a-percent-and-decimal","/what-is-equivalent-to-7-5-fraction"
"/what-is-equivalent-to-8-5-fraction","Equivalent Fractions","8","5","8/5","1.6","160%","A","true","/what-is-equivalent-to-8-5-fraction","/8-5-as-a-percent-and-decimal"
"/8-5-as-a-percent-and-decimal","Percent and Decimal","8","5","8/5","1.6","160%","A","true","/8-5-as-a-percent-and-decimal","/what-is-equivalent-to-8-5-fraction"
"/what-is-equivalent-to-9-5-fraction","Equivalent Fractions","9","5","9/5","1.8","180%","A","true","/what-is-equivalent-to-9-5-fraction","/9-5-as-a-percent-and-decimal"
"/9-5-as-a-percent-and-decimal","Percent and Decimal","9","5","9/5","1.8","180%","A","true","/9-5-as-a-percent-and-decimal","/what-is-equivalent-to-9-5-fraction"
"/what-is-equivalent-to-1-6-fraction","Equivalent Fractions","1","6","1/6","0.166666666667","16.6666666667%","A","true","/what-is-equivalent-to-1-6-fraction","/1-6-as-a-percent-and-decimal"
"/1-6-as-a-percent-and-decimal","Percent and Decimal","1","6","1/6","0.166666666667","16.6666666667%","A","true","/1-6-as-a-percent-and-decimal","/what-is-equivalent-to-1-6-fraction"
"/what-is-equivalent-to-2-6-fraction","Equivalent Fractions","2","6","1/3","0.333333333333","33.3333333333%","B","true","/what-is-equivalent-to-2-6-fraction","/2-6-as-a-percent-and-decimal"
"/2-6-as-a-percent-and-decimal","Percent and Decimal","2","6","1/3","0.333333333333","33.3333333333%","B","true","/2-6-as-a-percent-and-decimal","/what-is-equivalent-to-2-6-fraction"
"/what-is-equivalent-to-3-6-fraction","Equivalent Fractions","3","6","1/2","0.5","50%","A","true","/what-is-equivalent-to-3-6-fraction","/3-6-as-a-percent-and-decimal"
"/3-6-as-a-percent-and-decimal","Percent and Decimal","3","6","1/2","0.5","50%","A","true","/3-6-as-a-percent-and-decimal","/what-is-equivalent-to-3-6-fraction"
"/what-is-equivalent-to-4-6-fraction","Equivalent Fractions","4","6","2/3","0.666666666667","66.6666666667%","B","true","/what-is-equivalent-to-4-6-fraction","/4-6-as-a-percent-and-decimal"
"/4-6-as-a-percent-and-decimal","Percent and Decimal","4","6","2/3","0.666666666667","66.6666666667%","B","true","/4-6-as-a-percent-and-decimal","/what-is-equivalent-to-4-6-fraction"
"/what-is-equivalent-to-5-6-fraction","Equivalent Fractions","5","6","5/6","0.833333333333","83.3333333333%","B","true","/what-is-equivalent-to-5-6-fraction","/5-6-as-a-percent-and-decimal"
"/5-6-as-a-percent-and-decimal","Percent and Decimal","5","6","5/6","0.833333333333","83.3333333333%","B","true","/5-6-as-a-percent-and-decimal","/what-is-equivalent-to-5-6-fraction"
"/what-is-equivalent-to-7-6-fraction","Equivalent Fractions","7","6","7/6","1.16666666667","116.666666667%","C","true","/what-is-equivalent-to-7-6-fraction","/7-6-as-a-percent-and-decimal"
"/7-6-as-a-percent-and-decimal","Percent and Decimal","7","6","7/6","1.16666666667","116.666666667%","C","true","/7-6-as-a-percent-and-decimal","/what-is-equivalent-to-7-6-fraction"
"/what-is-equivalent-to-8-6-fraction","Equivalent Fractions","8","6","4/3","1.33333333333","133.333333333%","B","true","/what-is-equivalent-to-8-6-fraction","/8-6-as-a-percent-and-decimal"
"/8-6-as-a-percent-and-decimal","Percent and Decimal","8","6","4/3","1.33333333333","133.333333333%","B","true","/8-6-as-a-percent-and-decimal","/what-is-equivalent-to-8-6-fraction"
"/what-is-equivalent-to-9-6-fraction","Equivalent Fractions","9","6","3/2","1.5","150%","A","true","/what-is-equivalent-to-9-6-fraction","/9-6-as-a-percent-and-decimal"
"/9-6-as-a-percent-and-decimal","Percent and Decimal","9","6","3/2","1.5","150%","A","true","/9-6-as-a-percent-and-decimal","/what-is-equivalent-to-9-6-fraction"
"/what-is-equivalent-to-10-6-fraction","Equivalent Fractions","10","6","5/3","1.66666666667","166.666666667%","B","true","/what-is-equivalent-to-10-6-fraction","/10-6-as-a-percent-and-decimal"
"/10-6-as-a-percent-and-decimal","Percent and Decimal","10","6","5/3","1.66666666667","166.666666667%","B","true","/10-6-as-a-percent-and-decimal","/what-is-equivalent-to-10-6-fraction"
"/what-is-equivalent-to-11-6-fraction","Equivalent Fractions","11","6","11/6","1.83333333333","183.333333333%","C","true","/what-is-equivalent-to-11-6-fraction","/11-6-as-a-percent-and-decimal"
"/11-6-as-a-percent-and-decimal","Percent and Decimal","11","6","11/6","1.83333333333","183.333333333%","C","true","/11-6-as-a-percent-and-decimal","/what-is-equivalent-to-11-6-fraction"
"/what-is-equivalent-to-1-7-fraction","Equivalent Fractions","1","7","1/7","0.142857142857","14.2857142857%","B","true","/what-is-equivalent-to-1-7-fraction","/1-7-as-a-percent-and-decimal"
"/1-7-as-a-percent-and-decimal","Percent and Decimal","1","7","1/7","0.142857142857","14.2857142857%","B","true","/1-7-as-a-percent-and-decimal","/what-is-equivalent-to-1-7-fraction"
"/what-is-equivalent-to-2-7-fraction","Equivalent Fractions","2","7","2/7","0.285714285714","28.5714285714%","C","true","/what-is-equivalent-to-2-7-fraction","/2-7-as-a-percent-and-decimal"
"/2-7-as-a-percent-and-decimal","Percent and Decimal","2","7","2/7","0.285714285714","28.5714285714%","C","true","/2-7-as-a-percent-and-decimal","/what-is-equivalent-to-2-7-fraction"
"/what-is-equivalent-to-3-7-fraction","Equivalent Fractions","3","7","3/7","0.428571428571","42.8571428571%","C","true","/what-is-equivalent-to-3-7-fraction","/3-7-as-a-percent-and-decimal"
"/3-7-as-a-percent-and-decimal","Percent and Decimal","3","7","3/7","0.428571428571","42.8571428571%","C","true","/3-7-as-a-percent-and-decimal","/what-is-equivalent-to-3-7-fraction"
"/what-is-equivalent-to-4-7-fraction","Equivalent Fractions","4","7","4/7","0.571428571429","57.1428571429%","C","true","/what-is-equivalent-to-4-7-fraction","/4-7-as-a-percent-and-decimal"
"/4-7-as-a-percent-and-decimal","Percent and Decimal","4","7","4/7","0.571428571429","57.1428571429%","C","true","/4-7-as-a-percent-and-decimal","/what-is-equivalent-to-4-7-fraction"
"/what-is-equivalent-to-5-7-fraction","Equivalent Fractions","5","7","5/7","0.714285714286","71.4285714286%","C","true","/what-is-equivalent-to-5-7-fraction","/5-7-as-a-percent-and-decimal"
"/5-7-as-a-percent-and-decimal","Percent and Decimal","5","7","5/7","0.714285714286","71.4285714286%","C","true","/5-7-as-a-percent-and-decimal","/what-is-equivalent-to-5-7-fraction"
"/what-is-equivalent-to-6-7-fraction","Equivalent Fractions","6","7","6/7","0.857142857143","85.7142857143%","C","true","/what-is-equivalent-to-6-7-fraction","/6-7-as-a-percent-and-decimal"
"/6-7-as-a-percent-and-decimal","Percent and Decimal","6","7","6/7","0.857142857143","85.7142857143%","C","true","/6-7-as-a-percent-and-decimal","/what-is-equivalent-to-6-7-fraction"
"/what-is-equivalent-to-8-7-fraction","Equivalent Fractions","8","7","8/7","1.14285714286","114.285714286%","C","true","/what-is-equivalent-to-8-7-fraction","/8-7-as-a-percent-and-decimal"
"/8-7-as-a-percent-and-decimal","Percent and Decimal","8","7","8/7","1.14285714286","114.285714286%","C","true","/8-7-as-a-percent-and-decimal","/what-is-equivalent-to-8-7-fraction"
"/what-is-equivalent-to-9-7-fraction","Equivalent Fractions","9","7","9/7","1.28571428571","128.571428571%","C","true","/what-is-equivalent-to-9-7-fraction","/9-7-as-a-percent-and-decimal"
"/9-7-as-a-percent-and-decimal","Percent and Decimal","9","7","9/7","1.28571428571","128.571428571%","C","true","/9-7-as-a-percent-and-decimal","/what-is-equivalent-to-9-7-fraction"
"/what-is-equivalent-to-10-7-fraction","Equivalent Fractions","10","7","10/7","1.42857142857","142.857142857%","C","true","/what-is-equivalent-to-10-7-fraction","/10-7-as-a-percent-and-decimal"
"/10-7-as-a-percent-and-decimal","Percent and Decimal","10","7","10/7","1.42857142857","142.857142857%","C","true","/10-7-as-a-percent-and-decimal","/what-is-equivalent-to-10-7-fraction"
"/what-is-equivalent-to-11-7-fraction","Equivalent Fractions","11","7","11/7","1.57142857143","157.142857143%","C","true","/what-is-equivalent-to-11-7-fraction","/11-7-as-a-percent-and-decimal"
"/11-7-as-a-percent-and-decimal","Percent and Decimal","11","7","11/7","1.57142857143","157.142857143%","C","true","/11-7-as-a-percent-and-decimal","/what-is-equivalent-to-11-7-fraction"
"/what-is-equivalent-to-12-7-fraction","Equivalent Fractions","12","7","12/7","1.71428571429","171.428571429%","C","true","/what-is-equivalent-to-12-7-fraction","/12-7-as-a-percent-and-decimal"
"/12-7-as-a-percent-and-decimal","Percent and Decimal","12","7","12/7","1.71428571429","171.428571429%","C","true","/12-7-as-a-percent-and-decimal","/what-is-equivalent-to-12-7-fraction"
"/what-is-equivalent-to-13-7-fraction","Equivalent Fractions","13","7","13/7","1.85714285714","185.714285714%","C","true","/what-is-equivalent-to-13-7-fraction","/13-7-as-a-percent-and-decimal"
"/13-7-as-a-percent-and-decimal","Percent and Decimal","13","7","13/7","1.85714285714","185.714285714%","C","true","/13-7-as-a-percent-and-decimal","/what-is-equivalent-to-13-7-fraction"
"/what-is-equivalent-to-1-8-fraction","Equivalent Fractions","1","8","1/8","0.125","12.5%","A","true","/what-is-equivalent-to-1-8-fraction","/1-8-as-a-percent-and-decimal"
"/1-8-as-a-percent-and-decimal","Percent and Decimal","1","8","1/8","0.125","12.5%","A","true","/1-8-as-a-percent-and-decimal","/what-is-equivalent-to-1-8-fraction"
"/what-is-equivalent-to-2-8-fraction","Equivalent Fractions","2","8","1/4","0.25","25%","A","true","/what-is-equivalent-to-2-8-fraction","/2-8-as-a-percent-and-decimal"
"/2-8-as-a-percent-and-decimal","Percent and Decimal","2","8","1/4","0.25","25%","A","true","/2-8-as-a-percent-and-decimal","/what-is-equivalent-to-2-8-fraction"
"/what-is-equivalent-to-3-8-fraction","Equivalent Fractions","3","8","3/8","0.375","37.5%","A","true","/what-is-equivalent-to-3-8-fraction","/3-8-as-a-percent-and-decimal"
"/3-8-as-a-percent-and-decimal","Percent and Decimal","3","8","3/8","0.375","37.5%","A","true","/3-8-as-a-percent-and-decimal","/what-is-equivalent-to-3-8-fraction"
"/what-is-equivalent-to-5-8-fraction","Equivalent Fractions","5","8","5/8","0.625","62.5%","A","true","/what-is-equivalent-to-5-8-fraction","/5-8-as-a-percent-and-decimal"
"/5-8-as-a-percent-and-decimal","Percent and Decimal","5","8","5/8","0.625","62.5%","A","true","/5-8-as-a-percent-and-decimal","/what-is-equivalent-to-5-8-fraction"
"/what-is-equivalent-to-6-8-fraction","Equivalent Fractions","6","8","3/4","0.75","75%","A","true","/what-is-equivalent-to-6-8-fraction","/6-8-as-a-percent-and-decimal"
"/6-8-as-a-percent-and-decimal","Percent and Decimal","6","8","3/4","0.75","75%","A","true","/6-8-as-a-percent-and-decimal","/what-is-equivalent-to-6-8-fraction"
"/what-is-equivalent-to-7-8-fraction","Equivalent Fractions","7","8","7/8","0.875","87.5%","A","true","/what-is-equivalent-to-7-8-fraction","/7-8-as-a-percent-and-decimal"
"/7-8-as-a-percent-and-decimal","Percent and Decimal","7","8","7/8","0.875","87.5%","A","true","/7-8-as-a-percent-and-decimal","/what-is-equivalent-to-7-8-fraction"
"/what-is-equivalent-to-9-8-fraction","Equivalent Fractions","9","8","9/8","1.125","112.5%","A","true","/what-is-equivalent-to-9-8-fraction","/9-8-as-a-percent-and-decimal"
"/9-8-as-a-percent-and-decimal","Percent and Decimal","9","8","9/8","1.125","112.5%","A","true","/9-8-as-a-percent-and-decimal","/what-is-equivalent-to-9-8-fraction"
"/what-is-equivalent-to-10-8-fraction","Equivalent Fractions","10","8","5/4","1.25","125%","A","true","/what-is-equivalent-to-10-8-fraction","/10-8-as-a-percent-and-decimal"
"/10-8-as-a-percent-and-decimal","Percent and Decimal","10","8","5/4","1.25","125%","A","true","/10-8-as-a-percent-and-decimal","/what-is-equivalent-to-10-8-fraction"
"/what-is-equivalent-to-11-8-fraction","Equivalent Fractions","11","8","11/8","1.375","137.5%","A","true","/what-is-equivalent-to-11-8-fraction","/11-8-as-a-percent-and-decimal"
"/11-8-as-a-percent-and-decimal","Percent and Decimal","11","8","11/8","1.375","137.5%","A","true","/11-8-as-a-percent-and-decimal","/what-is-equivalent-to-11-8-fraction"
"/what-is-equivalent-to-12-8-fraction","Equivalent Fractions","12","8","3/2","1.5","150%","A","true","/what-is-equivalent-to-12-8-fraction","/12-8-as-a-percent-and-decimal"
"/12-8-as-a-percent-and-decimal","Percent and Decimal","12","8","3/2","1.5","150%","A","true","/12-8-as-a-percent-and-decimal","/what-is-equivalent-to-12-8-fraction"
"/what-is-equivalent-to-13-8-fraction","Equivalent Fractions","13","8","13/8","1.625","162.5%","B","true","/what-is-equivalent-to-13-8-fraction","/13-8-as-a-percent-and-decimal"
"/13-8-as-a-percent-and-decimal","Percent and Decimal","13","8","13/8","1.625","162.5%","B","true","/13-8-as-a-percent-and-decimal","/what-is-equivalent-to-13-8-fraction"
"/what-is-equivalent-to-14-8-fraction","Equivalent Fractions","14","8","7/4","1.75","175%","A","true","/what-is-equivalent-to-14-8-fraction","/14-8-as-a-percent-and-decimal"
"/14-8-as-a-percent-and-decimal","Percent and Decimal","14","8","7/4","1.75","175%","A","true","/14-8-as-a-percent-and-decimal","/what-is-equivalent-to-14-8-fraction"
"/what-is-equivalent-to-15-8-fraction","Equivalent Fractions","15","8","15/8","1.875","187.5%","B","true","/what-is-equivalent-to-15-8-fraction","/15-8-as-a-percent-and-decimal"
"/15-8-as-a-percent-and-decimal","Percent and Decimal","15","8","15/8","1.875","187.5%","B","true","/15-8-as-a-percent-and-decimal","/what-is-equivalent-to-15-8-fraction"
"/what-is-equivalent-to-1-9-fraction","Equivalent Fractions","1","9","1/9","0.111111111111","11.1111111111%","B","true","/what-is-equivalent-to-1-9-fraction","/1-9-as-a-percent-and-decimal"
"/1-9-as-a-percent-and-decimal","Percent and Decimal","1","9","1/9","0.111111111111","11.1111111111%","B","true","/1-9-as-a-percent-and-decimal","/what-is-equivalent-to-1-9-fraction"
"/what-is-equivalent-to-2-9-fraction","Equivalent Fractions","2","9","2/9","0.222222222222","22.2222222222%","C","true","/what-is-equivalent-to-2-9-fraction","/2-9-as-a-percent-and-decimal"
"/2-9-as-a-percent-and-decimal","Percent and Decimal","2","9","2/9","0.222222222222","22.2222222222%","C","true","/2-9-as-a-percent-and-decimal","/what-is-equivalent-to-2-9-fraction"
"/what-is-equivalent-to-4-9-fraction","Equivalent Fractions","4","9","4/9","0.444444444444","44.4444444444%","C","true","/what-is-equivalent-to-4-9-fraction","/4-9-as-a-percent-and-decimal"
"/4-9-as-a-percent-and-decimal","Percent and Decimal","4","9","4/9","0.444444444444","44.4444444444%","C","true","/4-9-as-a-percent-and-decimal","/what-is-equivalent-to-4-9-fraction"
"/what-is-equivalent-to-5-9-fraction","Equivalent Fractions","5","9","5/9","0.555555555556","55.5555555556%","C","true","/what-is-equivalent-to-5-9-fraction","/5-9-as-a-percent-and-decimal"
"/5-9-as-a-percent-and-decimal","Percent and Decimal","5","9","5/9","0.555555555556","55.5555555556%","C","true","/5-9-as-a-percent-and-decimal","/what-is-equivalent-to-5-9-fraction"
"/what-is-equivalent-to-7-9-fraction","Equivalent Fractions","7","9","7/9","0.777777777778","77.7777777778%","C","true","/what-is-equivalent-to-7-9-fraction","/7-9-as-a-percent-and-decimal"
"/7-9-as-a-percent-and-decimal","Percent and Decimal","7","9","7/9","0.777777777778","77.7777777778%","C","true","/7-9-as-a-percent-and-decimal","/what-is-equivalent-to-7-9-fraction"
"/what-is-equivalent-to-8-9-fraction","Equivalent Fractions","8","9","8/9","0.888888888889","88.8888888889%","C","true","/what-is-equivalent-to-8-9-fraction","/8-9-as-a-percent-and-decimal"
"/8-9-as-a-percent-and-decimal","Percent and Decimal","8","9","8/9","0.888888888889","88.8888888889%","C","true","/8-9-as-a-percent-and-decimal","/what-is-equivalent-to-8-9-fraction"
"/what-is-equivalent-to-10-9-fraction","Equivalent Fractions","10","9","10/9","1.11111111111","111.111111111%","C","true","/what-is-equivalent-to-10-9-fraction","/10-9-as-a-percent-and-decimal"
"/10-9-as-a-percent-and-decimal","Percent and Decimal","10","9","10/9","1.11111111111","111.111111111%","C","true","/10-9-as-a-percent-and-decimal","/what-is-equivalent-to-10-9-fraction"
"/what-is-equivalent-to-11-9-fraction","Equivalent Fractions","11","9","11/9","1.22222222222","122.222222222%","C","true","/what-is-equivalent-to-11-9-fraction","/11-9-as-a-percent-and-decimal"
"/11-9-as-a-percent-and-decimal","Percent and Decimal","11","9","11/9","1.22222222222","122.222222222%","C","true","/11-9-as-a-percent-and-decimal","/what-is-equivalent-to-11-9-fraction"
"/what-is-equivalent-to-13-9-fraction","Equivalent Fractions","13","9","13/9","1.44444444444","144.444444444%","C","true","/what-is-equivalent-to-13-9-fraction","/13-9-as-a-percent-and-decimal"
"/13-9-as-a-percent-and-decimal","Percent and Decimal","13","9","13/9","1.44444444444","144.444444444%","C","true","/13-9-as-a-percent-and-decimal","/what-is-equivalent-to-13-9-fraction"
"/what-is-equivalent-to-14-9-fraction","Equivalent Fractions","14","9","14/9","1.55555555556","155.555555556%","C","true","/what-is-equivalent-to-14-9-fraction","/14-9-as-a-percent-and-decimal"
"/14-9-as-a-percent-and-decimal","Percent and Decimal","14","9","14/9","1.55555555556","155.555555556%","C","true","/14-9-as-a-percent-and-decimal","/what-is-equivalent-to-14-9-fraction"
"/what-is-equivalent-to-16-9-fraction","Equivalent Fractions","16","9","16/9","1.77777777778","177.777777778%","C","true","/what-is-equivalent-to-16-9-fraction","/16-9-as-a-percent-and-decimal"
"/16-9-as-a-percent-and-decimal","Percent and Decimal","16","9","16/9","1.77777777778","177.777777778%","C","true","/16-9-as-a-percent-and-decimal","/what-is-equivalent-to-16-9-fraction"
"/what-is-equivalent-to-17-9-fraction","Equivalent Fractions","17","9","17/9","1.88888888889","188.888888889%","C","true","/what-is-equivalent-to-17-9-fraction","/17-9-as-a-percent-and-decimal"
"/17-9-as-a-percent-and-decimal","Percent and Decimal","17","9","17/9","1.88888888889","188.888888889%","C","true","/17-9-as-a-percent-and-decimal","/what-is-equivalent-to-17-9-fraction"
"/what-is-equivalent-to-1-10-fraction","Equivalent Fractions","1","10","1/10","0.1","10%","A","true","/what-is-equivalent-to-1-10-fraction","/1-10-as-a-percent-and-decimal"
"/1-10-as-a-percent-and-decimal","Percent and Decimal","1","10","1/10","0.1","10%","A","true","/1-10-as-a-percent-and-decimal","/what-is-equivalent-to-1-10-fraction"
"/what-is-equivalent-to-2-10-fraction","Equivalent Fractions","2","10","1/5","0.2","20%","A","true","/what-is-equivalent-to-2-10-fraction","/2-10-as-a-percent-and-decimal"
"/2-10-as-a-percent-and-decimal","Percent and Decimal","2","10","1/5","0.2","20%","A","true","/2-10-as-a-percent-and-decimal","/what-is-equivalent-to-2-10-fraction"
"/what-is-equivalent-to-3-10-fraction","Equivalent Fractions","3","10","3/10","0.3","30%","A","true","/what-is-equivalent-to-3-10-fraction","/3-10-as-a-percent-and-decimal"
"/3-10-as-a-percent-and-decimal","Percent and Decimal","3","10","3/10","0.3","30%","A","true","/3-10-as-a-percent-and-decimal","/what-is-equivalent-to-3-10-fraction"
"/what-is-equivalent-to-4-10-fraction","Equivalent Fractions","4","10","2/5","0.4","40%","A","true","/what-is-equivalent-to-4-10-fraction","/4-10-as-a-percent-and-decimal"
"/4-10-as-a-percent-and-decimal","Percent and Decimal","4","10","2/5","0.4","40%","A","true","/4-10-as-a-percent-and-decimal","/what-is-equivalent-to-4-10-fraction"
"/what-is-equivalent-to-6-10-fraction","Equivalent Fractions","6","10","3/5","0.6","60%","A","true","/what-is-equivalent-to-6-10-fraction","/6-10-as-a-percent-and-decimal"
"/6-10-as-a-percent-and-decimal","Percent and Decimal","6","10","3/5","0.6","60%","A","true","/6-10-as-a-percent-and-decimal","/what-is-equivalent-to-6-10-fraction"
"/what-is-equivalent-to-7-10-fraction","Equivalent Fractions","7","10","7/10","0.7","70%","A","true","/what-is-equivalent-to-7-10-fraction","/7-10-as-a-percent-and-decimal"
"/7-10-as-a-percent-and-decimal","Percent and Decimal","7","10","7/10","0.7","70%","A","true","/7-10-as-a-percent-and-decimal","/what-is-equivalent-to-7-10-fraction"
"/what-is-equivalent-to-8-10-fraction","Equivalent Fractions","8","10","4/5","0.8","80%","A","true","/what-is-equivalent-to-8-10-fraction","/8-10-as-a-percent-and-decimal"
"/8-10-as-a-percent-and-decimal","Percent and Decimal","8","10","4/5","0.8","80%","A","true","/8-10-as-a-percent-and-decimal","/what-is-equivalent-to-8-10-fraction"
"/what-is-equivalent-to-9-10-fraction","Equivalent Fractions","9","10","9/10","0.9","90%","A","true","/what-is-equivalent-to-9-10-fraction","/9-10-as-a-percent-and-decimal"
"/9-10-as-a-percent-and-decimal","Percent and Decimal","9","10","9/10","0.9","90%","A","true","/9-10-as-a-percent-and-decimal","/what-is-equivalent-to-9-10-fraction"
"/what-is-equivalent-to-11-10-fraction","Equivalent Fractions","11","10","11/10","1.1","110%","B","true","/what-is-equivalent-to-11-10-fraction","/11-10-as-a-percent-and-decimal"
"/11-10-as-a-percent-and-decimal","Percent and Decimal","11","10","11/10","1.1","110%","B","true","/11-10-as-a-percent-and-decimal","/what-is-equivalent-to-11-10-fraction"
"/what-is-equivalent-to-12-10-fraction","Equivalent Fractions","12","10","6/5","1.2","120%","A","true","/what-is-equivalent-to-12-10-fraction","/12-10-as-a-percent-and-decimal"
"/12-10-as-a-percent-and-decimal","Percent and Decimal","12","10","6/5","1.2","120%","A","true","/12-10-as-a-percent-and-decimal","/what-is-equivalent-to-12-10-fraction"
"/what-is-equivalent-to-13-10-fraction","Equivalent Fractions","13","10","13/10","1.3","130%","A","true","/what-is-equivalent-to-13-10-fraction","/13-10-as-a-percent-and-decimal"
"/13-10-as-a-percent-and-decimal","Percent and Decimal","13","10","13/10","1.3","130%","A","true","/13-10-as-a-percent-and-decimal","/what-is-equivalent-to-13-10-fraction"
"/what-is-equivalent-to-14-10-fraction","Equivalent Fractions","14","10","7/5","1.4","140%","A","true","/what-is-equivalent-to-14-10-fraction","/14-10-as-a-percent-and-decimal"
"/14-10-as-a-percent-and-decimal","Percent and Decimal","14","10","7/5","1.4","140%","A","true","/14-10-as-a-percent-and-decimal","/what-is-equivalent-to-14-10-fraction"
"/what-is-equivalent-to-16-10-fraction","Equivalent Fractions","16","10","8/5","1.6","160%","A","true","/what-is-equivalent-to-16-10-fraction","/16-10-as-a-percent-and-decimal"
"/16-10-as-a-percent-and-decimal","Percent and Decimal","16","10","8/5","1.6","160%","A","true","/16-10-as-a-percent-and-decimal","/what-is-equivalent-to-16-10-fraction"
"/what-is-equivalent-to-17-10-fraction","Equivalent Fractions","17","10","17/10","1.7","170%","A","true","/what-is-equivalent-to-17-10-fraction","/17-10-as-a-percent-and-decimal"
"/17-10-as-a-percent-and-decimal","Percent and Decimal","17","10","17/10","1.7","170%","A","true","/17-10-as-a-percent-and-decimal","/what-is-equivalent-to-17-10-fraction"
"/what-is-equivalent-to-18-10-fraction","Equivalent Fractions","18","10","9/5","1.8","180%","A","true","/what-is-equivalent-to-18-10-fraction","/18-10-as-a-percent-and-decimal"
"/18-10-as-a-percent-and-decimal","Percent and Decimal","18","10","9/5","1.8","180%","A","true","/18-10-as-a-percent-and-decimal","/what-is-equivalent-to-18-10-fraction"
"/what-is-equivalent-to-19-10-fraction","Equivalent Fractions","19","10","19/10","1.9","190%","A","true","/what-is-equivalent-to-19-10-fraction","/19-10-as-a-percent-and-decimal"
"/19-10-as-a-percent-and-decimal","Percent and Decimal","19","10","19/10","1.9","190%","A","true","/19-10-as-a-percent-and-decimal","/what-is-equivalent-to-19-10-fraction"
"/what-is-equivalent-to-1-11-fraction","Equivalent Fractions","1","11","1/11","0.0909090909091","9.09090909091%","B","true","/what-is-equivalent-to-1-11-fraction","/1-11-as-a-percent-and-decimal"
"/1-11-as-a-percent-and-decimal","Percent and Decimal","1","11","1/11","0.0909090909091","9.09090909091%","B","true","/1-11-as-a-percent-and-decimal","/what-is-equivalent-to-1-11-fraction"
"/what-is-equivalent-to-2-11-fraction","Equivalent Fractions","2","11","2/11","0.181818181818","18.1818181818%","C","true","/what-is-equivalent-to-2-11-fraction","/2-11-as-a-percent-and-decimal"
"/2-11-as-a-percent-and-decimal","Percent and Decimal","2","11","2/11","0.181818181818","18.1818181818%","C","true","/2-11-as-a-percent-and-decimal","/what-is-equivalent-to-2-11-fraction"
"/what-is-equivalent-to-3-11-fraction","Equivalent Fractions","3","11","3/11","0.272727272727","27.2727272727%","C","true","/what-is-equivalent-to-3-11-fraction","/3-11-as-a-percent-and-decimal"
"/3-11-as-a-percent-and-decimal","Percent and Decimal","3","11","3/11","0.272727272727","27.2727272727%","C","true","/3-11-as-a-percent-and-decimal","/what-is-equivalent-to-3-11-fraction"
"/what-is-equivalent-to-4-11-fraction","Equivalent Fractions","4","11","4/11","0.363636363636","36.3636363636%","C","true","/what-is-equivalent-to-4-11-fraction","/4-11-as-a-percent-and-decimal"
"/4-11-as-a-percent-and-decimal","Percent and Decimal","4","11","4/11","0.363636363636","36.3636363636%","C","true","/4-11-as-a-percent-and-decimal","/what-is-equivalent-to-4-11-fraction"
"/what-is-equivalent-to-5-11-fraction","Equivalent Fractions","5","11","5/11","0.454545454545","45.4545454545%","C","true","/what-is-equivalent-to-5-11-fraction","/5-11-as-a-percent-and-decimal"
"/5-11-as-a-percent-and-decimal","Percent and Decimal","5","11","5/11","0.454545454545","45.4545454545%","C","true","/5-11-as-a-percent-and-decimal","/what-is-equivalent-to-5-11-fraction"
"/what-is-equivalent-to-6-11-fraction","Equivalent Fractions","6","11","6/11","0.545454545455","54.5454545455%","C","true","/what-is-equivalent-to-6-11-fraction","/6-11-as-a-percent-and-decimal"
"/6-11-as-a-percent-and-decimal","Percent and Decimal","6","11","6/11","0.545454545455","54.5454545455%","C","true","/6-11-as-a-percent-and-decimal","/what-is-equivalent-to-6-11-fraction"
"/what-is-equivalent-to-7-11-fraction","Equivalent Fractions","7","11","7/11","0.636363636364","63.6363636364%","C","true","/what-is-equivalent-to-7-11-fraction","/7-11-as-a-percent-and-decimal"
"/7-11-as-a-percent-and-decimal","Percent and Decimal","7","11","7/11","0.636363636364","63.6363636364%","C","true","/7-11-as-a-percent-and-decimal","/what-is-equivalent-to-7-11-fraction"
"/what-is-equivalent-to-8-11-fraction","Equivalent Fractions","8","11","8/11","0.727272727273","72.7272727273%","C","true","/what-is-equivalent-to-8-11-fraction","/8-11-as-a-percent-and-decimal"
"/8-11-as-a-percent-and-decimal","Percent and Decimal","8","11","8/11","0.727272727273","72.7272727273%","C","true","/8-11-as-a-percent-and-decimal","/what-is-equivalent-to-8-11-fraction"
"/what-is-equivalent-to-9-11-fraction","Equivalent Fractions","9","11","9/11","0.818181818182","81.8181818182%","C","true","/what-is-equivalent-to-9-11-fraction","/9-11-as-a-percent-and-decimal"
"/9-11-as-a-percent-and-decimal","Percent and Decimal","9","11","9/11","0.818181818182","81.8181818182%","C","true","/9-11-as-a-percent-and-decimal","/what-is-equivalent-to-9-11-fraction"
"/what-is-equivalent-to-10-11-fraction","Equivalent Fractions","10","11","10/11","0.909090909091","90.9090909091%","C","true","/what-is-equivalent-to-10-11-fraction","/10-11-as-a-percent-and-decimal"
"/10-11-as-a-percent-and-decimal","Percent and Decimal","10","11","10/11","0.909090909091","90.9090909091%","C","true","/10-11-as-a-percent-and-decimal","/what-is-equivalent-to-10-11-fraction"
"/what-is-equivalent-to-12-11-fraction","Equivalent Fractions","12","11","12/11","1.09090909091","109.090909091%","C","true","/what-is-equivalent-to-12-11-fraction","/12-11-as-a-percent-and-decimal"
"/12-11-as-a-percent-and-decimal","Percent and Decimal","12","11","12/11","1.09090909091","109.090909091%","C","true","/12-11-as-a-percent-and-decimal","/what-is-equivalent-to-12-11-fraction"
"/what-is-equivalent-to-13-11-fraction","Equivalent Fractions","13","11","13/11","1.18181818182","118.181818182%","C","true","/what-is-equivalent-to-13-11-fraction","/13-11-as-a-percent-and-decimal"
"/13-11-as-a-percent-and-decimal","Percent and Decimal","13","11","13/11","1.18181818182","118.181818182%","C","true","/13-11-as-a-percent-and-decimal","/what-is-equivalent-to-13-11-fraction"
"/what-is-equivalent-to-14-11-fraction","Equivalent Fractions","14","11","14/11","1.27272727273","127.272727273%","C","true","/what-is-equivalent-to-14-11-fraction","/14-11-as-a-percent-and-decimal"
"/14-11-as-a-percent-and-decimal","Percent and Decimal","14","11","14/11","1.27272727273","127.272727273%","C","true","/14-11-as-a-percent-and-decimal","/what-is-equivalent-to-14-11-fraction"
"/what-is-equivalent-to-15-11-fraction","Equivalent Fractions","15","11","15/11","1.36363636364","136.363636364%","C","true","/what-is-equivalent-to-15-11-fraction","/15-11-as-a-percent-and-decimal"
"/15-11-as-a-percent-and-decimal","Percent and Decimal","15","11","15/11","1.36363636364","136.363636364%","C","true","/15-11-as-a-percent-and-decimal","/what-is-equivalent-to-15-11-fraction"
"/what-is-equivalent-to-16-11-fraction","Equivalent Fractions","16","11","16/11","1.45454545455","145.454545455%","C","true","/what-is-equivalent-to-16-11-fraction","/16-11-as-a-percent-and-decimal"
"/16-11-as-a-percent-and-decimal","Percent and Decimal","16","11","16/11","1.45454545455","145.454545455%","C","true","/16-11-as-a-percent-and-decimal","/what-is-equivalent-to-16-11-fraction"
"/what-is-equivalent-to-17-11-fraction","Equivalent Fractions","17","11","17/11","1.54545454545","154.545454545%","C","true","/what-is-equivalent-to-17-11-fraction","/17-11-as-a-percent-and-decimal"
"/17-11-as-a-percent-and-decimal","Percent and Decimal","17","11","17/11","1.54545454545","154.545454545%","C","true","/17-11-as-a-percent-and-decimal","/what-is-equivalent-to-17-11-fraction"
"/what-is-equivalent-to-18-11-fraction","Equivalent Fractions","18","11","18/11","1.63636363636","163.636363636%","C","true","/what-is-equivalent-to-18-11-fraction","/18-11-as-a-percent-and-decimal"
"/18-11-as-a-percent-and-decimal","Percent and Decimal","18","11","18/11","1.63636363636","163.636363636%","C","true","/18-11-as-a-percent-and-decimal","/what-is-equivalent-to-18-11-fraction"
"/what-is-equivalent-to-19-11-fraction","Equivalent Fractions","19","11","19/11","1.72727272727","172.727272727%","C","true","/what-is-equivalent-to-19-11-fraction","/19-11-as-a-percent-and-decimal"
"/19-11-as-a-percent-and-decimal","Percent and Decimal","19","11","19/11","1.72727272727","172.727272727%","C","true","/19-11-as-a-percent-and-decimal","/what-is-equivalent-to-19-11-fraction"
"/what-is-equivalent-to-20-11-fraction","Equivalent Fractions","20","11","20/11","1.81818181818","181.818181818%","C","true","/what-is-equivalent-to-20-11-fraction","/20-11-as-a-percent-and-decimal"
"/20-11-as-a-percent-and-decimal","Percent and Decimal","20","11","20/11","1.81818181818","181.818181818%","C","true","/20-11-as-a-percent-and-decimal","/what-is-equivalent-to-20-11-fraction"
"/what-is-equivalent-to-21-11-fraction","Equivalent Fractions","21","11","21/11","1.90909090909","190.909090909%","C","true","/what-is-equivalent-to-21-11-fraction","/21-11-as-a-percent-and-decimal"
"/21-11-as-a-percent-and-decimal","Percent and Decimal","21","11","21/11","1.90909090909","190.909090909%","C","true","/21-11-as-a-percent-and-decimal","/what-is-equivalent-to-21-11-fraction"
"/what-is-equivalent-to-1-12-fraction","Equivalent Fractions","1","12","1/12","0.0833333333333","8.33333333333%","A","true","/what-is-equivalent-to-1-12-fraction","/1-12-as-a-percent-and-decimal"
"/1-12-as-a-percent-and-decimal","Percent and Decimal","1","12","1/12","0.0833333333333","8.33333333333%","A","true","/1-12-as-a-percent-and-decimal","/what-is-equivalent-to-1-12-fraction"
"/what-is-equivalent-to-2-12-fraction","Equivalent Fractions","2","12","1/6","0.166666666667","16.6666666667%","B","true","/what-is-equivalent-to-2-12-fraction","/2-12-as-a-percent-and-decimal"
"/2-12-as-a-percent-and-decimal","Percent and Decimal","2","12","1/6","0.166666666667","16.6666666667%","B","true","/2-12-as-a-percent-and-decimal","/what-is-equivalent-to-2-12-fraction"
"/what-is-equivalent-to-3-12-fraction","Equivalent Fractions","3","12","1/4","0.25","25%","A","true","/what-is-equivalent-to-3-12-fraction","/3-12-as-a-percent-and-decimal"
"/3-12-as-a-percent-and-decimal","Percent and Decimal","3","12","1/4","0.25","25%","A","true","/3-12-as-a-percent-and-decimal","/what-is-equivalent-to-3-12-fraction"
"/what-is-equivalent-to-4-12-fraction","Equivalent Fractions","4","12","1/3","0.333333333333","33.3333333333%","B","true","/what-is-equivalent-to-4-12-fraction","/4-12-as-a-percent-and-decimal"
"/4-12-as-a-percent-and-decimal","Percent and Decimal","4","12","1/3","0.333333333333","33.3333333333%","B","true","/4-12-as-a-percent-and-decimal","/what-is-equivalent-to-4-12-fraction"
"/what-is-equivalent-to-5-12-fraction","Equivalent Fractions","5","12","5/12","0.416666666667","41.6666666667%","B","true","/what-is-equivalent-to-5-12-fraction","/5-12-as-a-percent-and-decimal"
"/5-12-as-a-percent-and-decimal","Percent and Decimal","5","12","5/12","0.416666666667","41.6666666667%","B","true","/5-12-as-a-percent-and-decimal","/what-is-equivalent-to-5-12-fraction"
"/what-is-equivalent-to-7-12-fraction","Equivalent Fractions","7","12","7/12","0.583333333333","58.3333333333%","B","true","/what-is-equivalent-to-7-12-fraction","/7-12-as-a-percent-and-decimal"
"/7-12-as-a-percent-and-decimal","Percent and Decimal","7","12","7/12","0.583333333333","58.3333333333%","B","true","/7-12-as-a-percent-and-decimal","/what-is-equivalent-to-7-12-fraction"
"/what-is-equivalent-to-8-12-fraction","Equivalent Fractions","8","12","2/3","0.666666666667","66.6666666667%","B","true","/what-is-equivalent-to-8-12-fraction","/8-12-as-a-percent-and-decimal"
"/8-12-as-a-percent-and-decimal","Percent and Decimal","8","12","2/3","0.666666666667","66.6666666667%","B","true","/8-12-as-a-percent-and-decimal","/what-is-equivalent-to-8-12-fraction"
"/what-is-equivalent-to-9-12-fraction","Equivalent Fractions","9","12","3/4","0.75","75%","A","true","/what-is-equivalent-to-9-12-fraction","/9-12-as-a-percent-and-decimal"
"/9-12-as-a-percent-and-decimal","Percent and Decimal","9","12","3/4","0.75","75%","A","true","/9-12-as-a-percent-and-decimal","/what-is-equivalent-to-9-12-fraction"
"/what-is-equivalent-to-10-12-fraction","Equivalent Fractions","10","12","5/6","0.833333333333","83.3333333333%","B","true","/what-is-equivalent-to-10-12-fraction","/10-12-as-a-percent-and-decimal"
"/10-12-as-a-percent-and-decimal","Percent and Decimal","10","12","5/6","0.833333333333","83.3333333333%","B","true","/10-12-as-a-percent-and-decimal","/what-is-equivalent-to-10-12-fraction"
"/what-is-equivalent-to-11-12-fraction","Equivalent Fractions","11","12","11/12","0.916666666667","91.6666666667%","B","true","/what-is-equivalent-to-11-12-fraction","/11-12-as-a-percent-and-decimal"
"/11-12-as-a-percent-and-decimal","Percent and Decimal","11","12","11/12","0.916666666667","91.6666666667%","B","true","/11-12-as-a-percent-and-decimal","/what-is-equivalent-to-11-12-fraction"
"/what-is-equivalent-to-13-12-fraction","Equivalent Fractions","13","12","13/12","1.08333333333","108.333333333%","C","true","/what-is-equivalent-to-13-12-fraction","/13-12-as-a-percent-and-decimal"
"/13-12-as-a-percent-and-decimal","Percent and Decimal","13","12","13/12","1.08333333333","108.333333333%","C","true","/13-12-as-a-percent-and-decimal","/what-is-equivalent-to-13-12-fraction"
"/what-is-equivalent-to-14-12-fraction","Equivalent Fractions","14","12","7/6","1.16666666667","116.666666667%","C","true","/what-is-equivalent-to-14-12-fraction","/14-12-as-a-percent-and-decimal"
"/14-12-as-a-percent-and-decimal","Percent and Decimal","14","12","7/6","1.16666666667","116.666666667%","C","true","/14-12-as-a-percent-and-decimal","/what-is-equivalent-to-14-12-fraction"
"/what-is-equivalent-to-15-12-fraction","Equivalent Fractions","15","12","5/4","1.25","125%","A","true","/what-is-equivalent-to-15-12-fraction","/15-12-as-a-percent-and-decimal"
"/15-12-as-a-percent-and-decimal","Percent and Decimal","15","12","5/4","1.25","125%","A","true","/15-12-as-a-percent-and-decimal","/what-is-equivalent-to-15-12-fraction"
"/what-is-equivalent-to-16-12-fraction","Equivalent Fractions","16","12","4/3","1.33333333333","133.333333333%","B","true","/what-is-equivalent-to-16-12-fraction","/16-12-as-a-percent-and-decimal"
"/16-12-as-a-percent-and-decimal","Percent and Decimal","16","12","4/3","1.33333333333","133.333333333%","B","true","/16-12-as-a-percent-and-decimal","/what-is-equivalent-to-16-12-fraction"
"/what-is-equivalent-to-17-12-fraction","Equivalent Fractions","17","12","17/12","1.41666666667","141.666666667%","C","true","/what-is-equivalent-to-17-12-fraction","/17-12-as-a-percent-and-decimal"
"/17-12-as-a-percent-and-decimal","Percent and Decimal","17","12","17/12","1.41666666667","141.666666667%","C","true","/17-12-as-a-percent-and-decimal","/what-is-equivalent-to-17-12-fraction"
"/what-is-equivalent-to-19-12-fraction","Equivalent Fractions","19","12","19/12","1.58333333333","158.333333333%","C","true","/what-is-equivalent-to-19-12-fraction","/19-12-as-a-percent-and-decimal"
"/19-12-as-a-percent-and-decimal","Percent and Decimal","19","12","19/12","1.58333333333","158.333333333%","C","true","/19-12-as-a-percent-and-decimal","/what-is-equivalent-to-19-12-fraction"
"/what-is-equivalent-to-20-12-fraction","Equivalent Fractions","20","12","5/3","1.66666666667","166.666666667%","B","true","/what-is-equivalent-to-20-12-fraction","/20-12-as-a-percent-and-decimal"
"/20-12-as-a-percent-and-decimal","Percent and Decimal","20","12","5/3","1.66666666667","166.666666667%","B","true","/20-12-as-a-percent-and-decimal","/what-is-equivalent-to-20-12-fraction"
"/what-is-equivalent-to-21-12-fraction","Equivalent Fractions","21","12","7/4","1.75","175%","A","true","/what-is-equivalent-to-21-12-fraction","/21-12-as-a-percent-and-decimal"
"/21-12-as-a-percent-and-decimal","Percent and Decimal","21","12","7/4","1.75","175%","A","true","/21-12-as-a-percent-and-decimal","/what-is-equivalent-to-21-12-fraction"
"/what-is-equivalent-to-22-12-fraction","Equivalent Fractions","22","12","11/6","1.83333333333","183.333333333%","C","true","/what-is-equivalent-to-22-12-fraction","/22-12-as-a-percent-and-decimal"
"/22-12-as-a-percent-and-decimal","Percent and Decimal","22","12","11/6","1.83333333333","183.333333333%","C","true","/22-12-as-a-percent-and-decimal","/what-is-equivalent-to-22-12-fraction"
"/what-is-equivalent-to-23-12-fraction","Equivalent Fractions","23","12","23/12","1.91666666667","191.666666667%","C","true","/what-is-equivalent-to-23-12-fraction","/23-12-as-a-percent-and-decimal"
"/23-12-as-a-percent-and-decimal","Percent and Decimal","23","12","23/12","1.91666666667","191.666666667%","C","true","/23-12-as-a-percent-and-decimal","/what-is-equivalent-to-23-12-fraction"
"/what-is-equivalent-to-1-13-fraction","Equivalent Fractions","1","13","1/13","0.0769230769231","7.69230769231%","B","true","/what-is-equivalent-to-1-13-fraction","/1-13-as-a-percent-and-decimal"
"/1-13-as-a-percent-and-decimal","Percent and Decimal","1","13","1/13","0.0769230769231","7.69230769231%","B","true","/1-13-as-a-percent-and-decimal","/what-is-equivalent-to-1-13-fraction"
"/what-is-equivalent-to-2-13-fraction","Equivalent Fractions","2","13","2/13","0.153846153846","15.3846153846%","C","true","/what-is-equivalent-to-2-13-fraction","/2-13-as-a-percent-and-decimal"
"/2-13-as-a-percent-and-decimal","Percent and Decimal","2","13","2/13","0.153846153846","15.3846153846%","C","true","/2-13-as-a-percent-and-decimal","/what-is-equivalent-to-2-13-fraction"
"/what-is-equivalent-to-3-13-fraction","Equivalent Fractions","3","13","3/13","0.230769230769","23.0769230769%","C","true","/what-is-equivalent-to-3-13-fraction","/3-13-as-a-percent-and-decimal"
"/3-13-as-a-percent-and-decimal","Percent and Decimal","3","13","3/13","0.230769230769","23.0769230769%","C","true","/3-13-as-a-percent-and-decimal","/what-is-equivalent-to-3-13-fraction"
"/what-is-equivalent-to-4-13-fraction","Equivalent Fractions","4","13","4/13","0.307692307692","30.7692307692%","C","true","/what-is-equivalent-to-4-13-fraction","/4-13-as-a-percent-and-decimal"
"/4-13-as-a-percent-and-decimal","Percent and Decimal","4","13","4/13","0.307692307692","30.7692307692%","C","true","/4-13-as-a-percent-and-decimal","/what-is-equivalent-to-4-13-fraction"
"/what-is-equivalent-to-5-13-fraction","Equivalent Fractions","5","13","5/13","0.384615384615","38.4615384615%","C","true","/what-is-equivalent-to-5-13-fraction","/5-13-as-a-percent-and-decimal"
"/5-13-as-a-percent-and-decimal","Percent and Decimal","5","13","5/13","0.384615384615","38.4615384615%","C","true","/5-13-as-a-percent-and-decimal","/what-is-equivalent-to-5-13-fraction"
"/what-is-equivalent-to-6-13-fraction","Equivalent Fractions","6","13","6/13","0.461538461538","46.1538461538%","C","true","/what-is-equivalent-to-6-13-fraction","/6-13-as-a-percent-and-decimal"
"/6-13-as-a-percent-and-decimal","Percent and Decimal","6","13","6/13","0.461538461538","46.1538461538%","C","true","/6-13-as-a-percent-and-decimal","/what-is-equivalent-to-6-13-fraction"
"/what-is-equivalent-to-7-13-fraction","Equivalent Fractions","7","13","7/13","0.538461538462","53.8461538462%","C","true","/what-is-equivalent-to-7-13-fraction","/7-13-as-a-percent-and-decimal"
"/7-13-as-a-percent-and-decimal","Percent and Decimal","7","13","7/13","0.538461538462","53.8461538462%","C","true","/7-13-as-a-percent-and-decimal","/what-is-equivalent-to-7-13-fraction"
"/what-is-equivalent-to-8-13-fraction","Equivalent Fractions","8","13","8/13","0.615384615385","61.5384615385%","C","true","/what-is-equivalent-to-8-13-fraction","/8-13-as-a-percent-and-decimal"
"/8-13-as-a-percent-and-decimal","Percent and Decimal","8","13","8/13","0.615384615385","61.5384615385%","C","true","/8-13-as-a-percent-and-decimal","/what-is-equivalent-to-8-13-fraction"
"/what-is-equivalent-to-9-13-fraction","Equivalent Fractions","9","13","9/13","0.692307692308","69.2307692308%","C","true","/what-is-equivalent-to-9-13-fraction","/9-13-as-a-percent-and-decimal"
"/9-13-as-a-percent-and-decimal","Percent and Decimal","9","13","9/13","0.692307692308","69.2307692308%","C","true","/9-13-as-a-percent-and-decimal","/what-is-equivalent-to-9-13-fraction"
"/what-is-equivalent-to-10-13-fraction","Equivalent Fractions","10","13","10/13","0.769230769231","76.9230769231%","C","true","/what-is-equivalent-to-10-13-fraction","/10-13-as-a-percent-and-decimal"
"/10-13-as-a-percent-and-decimal","Percent and Decimal","10","13","10/13","0.769230769231","76.9230769231%","C","true","/10-13-as-a-percent-and-decimal","/what-is-equivalent-to-10-13-fraction"
"/what-is-equivalent-to-11-13-fraction","Equivalent Fractions","11","13","11/13","0.846153846154","84.6153846154%","C","true","/what-is-equivalent-to-11-13-fraction","/11-13-as-a-percent-and-decimal"
"/11-13-as-a-percent-and-decimal","Percent and Decimal","11","13","11/13","0.846153846154","84.6153846154%","C","true","/11-13-as-a-percent-and-decimal","/what-is-equivalent-to-11-13-fraction"
"/what-is-equivalent-to-12-13-fraction","Equivalent Fractions","12","13","12/13","0.923076923077","92.3076923077%","C","true","/what-is-equivalent-to-12-13-fraction","/12-13-as-a-percent-and-decimal"
"/12-13-as-a-percent-and-decimal","Percent and Decimal","12","13","12/13","0.923076923077","92.3076923077%","C","true","/12-13-as-a-percent-and-decimal","/what-is-equivalent-to-12-13-fraction"
"/what-is-equivalent-to-1-14-fraction","Equivalent Fractions","1","14","1/14","0.0714285714286","7.14285714286%","B","true","/what-is-equivalent-to-1-14-fraction","/1-14-as-a-percent-and-decimal"
"/1-14-as-a-percent-and-decimal","Percent and Decimal","1","14","1/14","0.0714285714286","7.14285714286%","B","true","/1-14-as-a-percent-and-decimal","/what-is-equivalent-to-1-14-fraction"
"/what-is-equivalent-to-2-14-fraction","Equivalent Fractions","2","14","1/7","0.142857142857","14.2857142857%","C","true","/what-is-equivalent-to-2-14-fraction","/2-14-as-a-percent-and-decimal"
"/2-14-as-a-percent-and-decimal","Percent and Decimal","2","14","1/7","0.142857142857","14.2857142857%","C","true","/2-14-as-a-percent-and-decimal","/what-is-equivalent-to-2-14-fraction"
"/what-is-equivalent-to-3-14-fraction","Equivalent Fractions","3","14","3/14","0.214285714286","21.4285714286%","C","true","/what-is-equivalent-to-3-14-fraction","/3-14-as-a-percent-and-decimal"
"/3-14-as-a-percent-and-decimal","Percent and Decimal","3","14","3/14","0.214285714286","21.4285714286%","C","true","/3-14-as-a-percent-and-decimal","/what-is-equivalent-to-3-14-fraction"
"/what-is-equivalent-to-4-14-fraction","Equivalent Fractions","4","14","2/7","0.285714285714","28.5714285714%","C","true","/what-is-equivalent-to-4-14-fraction","/4-14-as-a-percent-and-decimal"
"/4-14-as-a-percent-and-decimal","Percent and Decimal","4","14","2/7","0.285714285714","28.5714285714%","C","true","/4-14-as-a-percent-and-decimal","/what-is-equivalent-to-4-14-fraction"
"/what-is-equivalent-to-5-14-fraction","Equivalent Fractions","5","14","5/14","0.357142857143","35.7142857143%","C","true","/what-is-equivalent-to-5-14-fraction","/5-14-as-a-percent-and-decimal"
"/5-14-as-a-percent-and-decimal","Percent and Decimal","5","14","5/14","0.357142857143","35.7142857143%","C","true","/5-14-as-a-percent-and-decimal","/what-is-equivalent-to-5-14-fraction"
"/what-is-equivalent-to-6-14-fraction","Equivalent Fractions","6","14","3/7","0.428571428571","42.8571428571%","C","true","/what-is-equivalent-to-6-14-fraction","/6-14-as-a-percent-and-decimal"
"/6-14-as-a-percent-and-decimal","Percent and Decimal","6","14","3/7","0.428571428571","42.8571428571%","C","true","/6-14-as-a-percent-and-decimal","/what-is-equivalent-to-6-14-fraction"
"/what-is-equivalent-to-8-14-fraction","Equivalent Fractions","8","14","4/7","0.571428571429","57.1428571429%","C","true","/what-is-equivalent-to-8-14-fraction","/8-14-as-a-percent-and-decimal"
"/8-14-as-a-percent-and-decimal","Percent and Decimal","8","14","4/7","0.571428571429","57.1428571429%","C","true","/8-14-as-a-percent-and-decimal","/what-is-equivalent-to-8-14-fraction"
"/what-is-equivalent-to-9-14-fraction","Equivalent Fractions","9","14","9/14","0.642857142857","64.2857142857%","C","true","/what-is-equivalent-to-9-14-fraction","/9-14-as-a-percent-and-decimal"
"/9-14-as-a-percent-and-decimal","Percent and Decimal","9","14","9/14","0.642857142857","64.2857142857%","C","true","/9-14-as-a-percent-and-decimal","/what-is-equivalent-to-9-14-fraction"
"/what-is-equivalent-to-10-14-fraction","Equivalent Fractions","10","14","5/7","0.714285714286","71.4285714286%","C","true","/what-is-equivalent-to-10-14-fraction","/10-14-as-a-percent-and-decimal"
"/10-14-as-a-percent-and-decimal","Percent and Decimal","10","14","5/7","0.714285714286","71.4285714286%","C","true","/10-14-as-a-percent-and-decimal","/what-is-equivalent-to-10-14-fraction"
"/what-is-equivalent-to-11-14-fraction","Equivalent Fractions","11","14","11/14","0.785714285714","78.5714285714%","C","true","/what-is-equivalent-to-11-14-fraction","/11-14-as-a-percent-and-decimal"
"/11-14-as-a-percent-and-decimal","Percent and Decimal","11","14","11/14","0.785714285714","78.5714285714%","C","true","/11-14-as-a-percent-and-decimal","/what-is-equivalent-to-11-14-fraction"
"/what-is-equivalent-to-12-14-fraction","Equivalent Fractions","12","14","6/7","0.857142857143","85.7142857143%","C","true","/what-is-equivalent-to-12-14-fraction","/12-14-as-a-percent-and-decimal"
"/12-14-as-a-percent-and-decimal","Percent and Decimal","12","14","6/7","0.857142857143","85.7142857143%","C","true","/12-14-as-a-percent-and-decimal","/what-is-equivalent-to-12-14-fraction"
"/what-is-equivalent-to-13-14-fraction","Equivalent Fractions","13","14","13/14","0.928571428571","92.8571428571%","C","true","/what-is-equivalent-to-13-14-fraction","/13-14-as-a-percent-and-decimal"
"/13-14-as-a-percent-and-decimal","Percent and Decimal","13","14","13/14","0.928571428571","92.8571428571%","C","true","/13-14-as-a-percent-and-decimal","/what-is-equivalent-to-13-14-fraction"
"/what-is-equivalent-to-16-14-fraction","Equivalent Fractions","16","14","8/7","1.14285714286","114.285714286%","C","true","/what-is-equivalent-to-16-14-fraction","/16-14-as-a-percent-and-decimal"
"/16-14-as-a-percent-and-decimal","Percent and Decimal","16","14","8/7","1.14285714286","114.285714286%","C","true","/16-14-as-a-percent-and-decimal","/what-is-equivalent-to-16-14-fraction"
"/what-is-equivalent-to-18-14-fraction","Equivalent Fractions","18","14","9/7","1.28571428571","128.571428571%","C","true","/what-is-equivalent-to-18-14-fraction","/18-14-as-a-percent-and-decimal"
"/18-14-as-a-percent-and-decimal","Percent and Decimal","18","14","9/7","1.28571428571","128.571428571%","C","true","/18-14-as-a-percent-and-decimal","/what-is-equivalent-to-18-14-fraction"
"/what-is-equivalent-to-20-14-fraction","Equivalent Fractions","20","14","10/7","1.42857142857","142.857142857%","C","true","/what-is-equivalent-to-20-14-fraction","/20-14-as-a-percent-and-decimal"
"/20-14-as-a-percent-and-decimal","Percent and Decimal","20","14","10/7","1.42857142857","142.857142857%","C","true","/20-14-as-a-percent-and-decimal","/what-is-equivalent-to-20-14-fraction"
"/what-is-equivalent-to-22-14-fraction","Equivalent Fractions","22","14","11/7","1.57142857143","157.142857143%","C","true","/what-is-equivalent-to-22-14-fraction","/22-14-as-a-percent-and-decimal"
"/22-14-as-a-percent-and-decimal","Percent and Decimal","22","14","11/7","1.57142857143","157.142857143%","C","true","/22-14-as-a-percent-and-decimal","/what-is-equivalent-to-22-14-fraction"
"/what-is-equivalent-to-24-14-fraction","Equivalent Fractions","24","14","12/7","1.71428571429","171.428571429%","C","true","/what-is-equivalent-to-24-14-fraction","/24-14-as-a-percent-and-decimal"
"/24-14-as-a-percent-and-decimal","Percent and Decimal","24","14","12/7","1.71428571429","171.428571429%","C","true","/24-14-as-a-percent-and-decimal","/what-is-equivalent-to-24-14-fraction"
"/what-is-equivalent-to-1-15-fraction","Equivalent Fractions","1","15","1/15","0.0666666666667","6.66666666667%","B","true","/what-is-equivalent-to-1-15-fraction","/1-15-as-a-percent-and-decimal"
"/1-15-as-a-percent-and-decimal","Percent and Decimal","1","15","1/15","0.0666666666667","6.66666666667%","B","true","/1-15-as-a-percent-and-decimal","/what-is-equivalent-to-1-15-fraction"
"/what-is-equivalent-to-2-15-fraction","Equivalent Fractions","2","15","2/15","0.133333333333","13.3333333333%","C","true","/what-is-equivalent-to-2-15-fraction","/2-15-as-a-percent-and-decimal"
"/2-15-as-a-percent-and-decimal","Percent and Decimal","2","15","2/15","0.133333333333","13.3333333333%","C","true","/2-15-as-a-percent-and-decimal","/what-is-equivalent-to-2-15-fraction"
"/what-is-equivalent-to-4-15-fraction","Equivalent Fractions","4","15","4/15","0.266666666667","26.6666666667%","C","true","/what-is-equivalent-to-4-15-fraction","/4-15-as-a-percent-and-decimal"
"/4-15-as-a-percent-and-decimal","Percent and Decimal","4","15","4/15","0.266666666667","26.6666666667%","C","true","/4-15-as-a-percent-and-decimal","/what-is-equivalent-to-4-15-fraction"
"/what-is-equivalent-to-7-15-fraction","Equivalent Fractions","7","15","7/15","0.466666666667","46.6666666667%","C","true","/what-is-equivalent-to-7-15-fraction","/7-15-as-a-percent-and-decimal"
"/7-15-as-a-percent-and-decimal","Percent and Decimal","7","15","7/15","0.466666666667","46.6666666667%","C","true","/7-15-as-a-percent-and-decimal","/what-is-equivalent-to-7-15-fraction"
"/what-is-equivalent-to-8-15-fraction","Equivalent Fractions","8","15","8/15","0.533333333333","53.3333333333%","C","true","/what-is-equivalent-to-8-15-fraction","/8-15-as-a-percent-and-decimal"
"/8-15-as-a-percent-and-decimal","Percent and Decimal","8","15","8/15","0.533333333333","53.3333333333%","C","true","/8-15-as-a-percent-and-decimal","/what-is-equivalent-to-8-15-fraction"
"/what-is-equivalent-to-11-15-fraction","Equivalent Fractions","11","15","11/15","0.733333333333","73.3333333333%","C","true","/what-is-equivalent-to-11-15-fraction","/11-15-as-a-percent-and-decimal"
"/11-15-as-a-percent-and-decimal","Percent and Decimal","11","15","11/15","0.733333333333","73.3333333333%","C","true","/11-15-as-a-percent-and-decimal","/what-is-equivalent-to-11-15-fraction"
"/what-is-equivalent-to-13-15-fraction","Equivalent Fractions","13","15","13/15","0.866666666667","86.6666666667%","C","true","/what-is-equivalent-to-13-15-fraction","/13-15-as-a-percent-and-decimal"
"/13-15-as-a-percent-and-decimal","Percent and Decimal","13","15","13/15","0.866666666667","86.6666666667%","C","true","/13-15-as-a-percent-and-decimal","/what-is-equivalent-to-13-15-fraction"
"/what-is-equivalent-to-14-15-fraction","Equivalent Fractions","14","15","14/15","0.933333333333","93.3333333333%","C","true","/what-is-equivalent-to-14-15-fraction","/14-15-as-a-percent-and-decimal"
"/14-15-as-a-percent-and-decimal","Percent and Decimal","14","15","14/15","0.933333333333","93.3333333333%","C","true","/14-15-as-a-percent-and-decimal","/what-is-equivalent-to-14-15-fraction"
"/what-is-equivalent-to-16-15-fraction","Equivalent Fractions","16","15","16/15","1.06666666667","106.666666667%","C","true","/what-is-equivalent-to-16-15-fraction","/16-15-as-a-percent-and-decimal"
"/16-15-as-a-percent-and-decimal","Percent and Decimal","16","15","16/15","1.06666666667","106.666666667%","C","true","/16-15-as-a-percent-and-decimal","/what-is-equivalent-to-16-15-fraction"
"/what-is-equivalent-to-17-15-fraction","Equivalent Fractions","17","15","17/15","1.13333333333","113.333333333%","C","true","/what-is-equivalent-to-17-15-fraction","/17-15-as-a-percent-and-decimal"
"/17-15-as-a-percent-and-decimal","Percent and Decimal","17","15","17/15","1.13333333333","113.333333333%","C","true","/17-15-as-a-percent-and-decimal","/what-is-equivalent-to-17-15-fraction"
"/what-is-equivalent-to-19-15-fraction","Equivalent Fractions","19","15","19/15","1.26666666667","126.666666667%","C","true","/what-is-equivalent-to-19-15-fraction","/19-15-as-a-percent-and-decimal"
"/19-15-as-a-percent-and-decimal","Percent and Decimal","19","15","19/15","1.26666666667","126.666666667%","C","true","/19-15-as-a-percent-and-decimal","/what-is-equivalent-to-19-15-fraction"
"/what-is-equivalent-to-22-15-fraction","Equivalent Fractions","22","15","22/15","1.46666666667","146.666666667%","C","true","/what-is-equivalent-to-22-15-fraction","/22-15-as-a-percent-and-decimal"
"/22-15-as-a-percent-and-decimal","Percent and Decimal","22","15","22/15","1.46666666667","146.666666667%","C","true","/22-15-as-a-percent-and-decimal","/what-is-equivalent-to-22-15-fraction"
"/what-is-equivalent-to-23-15-fraction","Equivalent Fractions","23","15","23/15","1.53333333333","153.333333333%","C","true","/what-is-equivalent-to-23-15-fraction","/23-15-as-a-percent-and-decimal"
"/23-15-as-a-percent-and-decimal","Percent and Decimal","23","15","23/15","1.53333333333","153.333333333%","C","true","/23-15-as-a-percent-and-decimal","/what-is-equivalent-to-23-15-fraction"
"/what-is-equivalent-to-1-16-fraction","Equivalent Fractions","1","16","1/16","0.0625","6.25%","A","true","/what-is-equivalent-to-1-16-fraction","/1-16-as-a-percent-and-decimal"
"/1-16-as-a-percent-and-decimal","Percent and Decimal","1","16","1/16","0.0625","6.25%","A","true","/1-16-as-a-percent-and-decimal","/what-is-equivalent-to-1-16-fraction"
"/what-is-equivalent-to-2-16-fraction","Equivalent Fractions","2","16","1/8","0.125","12.5%","A","true","/what-is-equivalent-to-2-16-fraction","/2-16-as-a-percent-and-decimal"
"/2-16-as-a-percent-and-decimal","Percent and Decimal","2","16","1/8","0.125","12.5%","A","true","/2-16-as-a-percent-and-decimal","/what-is-equivalent-to-2-16-fraction"
"/what-is-equivalent-to-3-16-fraction","Equivalent Fractions","3","16","3/16","0.1875","18.75%","B","true","/what-is-equivalent-to-3-16-fraction","/3-16-as-a-percent-and-decimal"
"/3-16-as-a-percent-and-decimal","Percent and Decimal","3","16","3/16","0.1875","18.75%","B","true","/3-16-as-a-percent-and-decimal","/what-is-equivalent-to-3-16-fraction"
"/what-is-equivalent-to-5-16-fraction","Equivalent Fractions","5","16","5/16","0.3125","31.25%","B","true","/what-is-equivalent-to-5-16-fraction","/5-16-as-a-percent-and-decimal"
"/5-16-as-a-percent-and-decimal","Percent and Decimal","5","16","5/16","0.3125","31.25%","B","true","/5-16-as-a-percent-and-decimal","/what-is-equivalent-to-5-16-fraction"
"/what-is-equivalent-to-6-16-fraction","Equivalent Fractions","6","16","3/8","0.375","37.5%","A","true","/what-is-equivalent-to-6-16-fraction","/6-16-as-a-percent-and-decimal"
"/6-16-as-a-percent-and-decimal","Percent and Decimal","6","16","3/8","0.375","37.5%","A","true","/6-16-as-a-percent-and-decimal","/what-is-equivalent-to-6-16-fraction"
"/what-is-equivalent-to-7-16-fraction","Equivalent Fractions","7","16","7/16","0.4375","43.75%","B","true","/what-is-equivalent-to-7-16-fraction","/7-16-as-a-percent-and-decimal"
"/7-16-as-a-percent-and-decimal","Percent and Decimal","7","16","7/16","0.4375","43.75%","B","true","/7-16-as-a-percent-and-decimal","/what-is-equivalent-to-7-16-fraction"
"/what-is-equivalent-to-9-16-fraction","Equivalent Fractions","9","16","9/16","0.5625","56.25%","B","true","/what-is-equivalent-to-9-16-fraction","/9-16-as-a-percent-and-decimal"
"/9-16-as-a-percent-and-decimal","Percent and Decimal","9","16","9/16","0.5625","56.25%","B","true","/9-16-as-a-percent-and-decimal","/what-is-equivalent-to-9-16-fraction"
"/what-is-equivalent-to-10-16-fraction","Equivalent Fractions","10","16","5/8","0.625","62.5%","A","true","/what-is-equivalent-to-10-16-fraction","/10-16-as-a-percent-and-decimal"
"/10-16-as-a-percent-and-decimal","Percent and Decimal","10","16","5/8","0.625","62.5%","A","true","/10-16-as-a-percent-and-decimal","/what-is-equivalent-to-10-16-fraction"
"/what-is-equivalent-to-11-16-fraction","Equivalent Fractions","11","16","11/16","0.6875","68.75%","B","true","/what-is-equivalent-to-11-16-fraction","/11-16-as-a-percent-and-decimal"
"/11-16-as-a-percent-and-decimal","Percent and Decimal","11","16","11/16","0.6875","68.75%","B","true","/11-16-as-a-percent-and-decimal","/what-is-equivalent-to-11-16-fraction"
"/what-is-equivalent-to-12-16-fraction","Equivalent Fractions","12","16","3/4","0.75","75%","A","true","/what-is-equivalent-to-12-16-fraction","/12-16-as-a-percent-and-decimal"
"/12-16-as-a-percent-and-decimal","Percent and Decimal","12","16","3/4","0.75","75%","A","true","/12-16-as-a-percent-and-decimal","/what-is-equivalent-to-12-16-fraction"
"/what-is-equivalent-to-13-16-fraction","Equivalent Fractions","13","16","13/16","0.8125","81.25%","B","true","/what-is-equivalent-to-13-16-fraction","/13-16-as-a-percent-and-decimal"
"/13-16-as-a-percent-and-decimal","Percent and Decimal","13","16","13/16","0.8125","81.25%","B","true","/13-16-as-a-percent-and-decimal","/what-is-equivalent-to-13-16-fraction"
"/what-is-equivalent-to-14-16-fraction","Equivalent Fractions","14","16","7/8","0.875","87.5%","A","true","/what-is-equivalent-to-14-16-fraction","/14-16-as-a-percent-and-decimal"
"/14-16-as-a-percent-and-decimal","Percent and Decimal","14","16","7/8","0.875","87.5%","A","true","/14-16-as-a-percent-and-decimal","/what-is-equivalent-to-14-16-fraction"
"/what-is-equivalent-to-15-16-fraction","Equivalent Fractions","15","16","15/16","0.9375","93.75%","B","true","/what-is-equivalent-to-15-16-fraction","/15-16-as-a-percent-and-decimal"
"/15-16-as-a-percent-and-decimal","Percent and Decimal","15","16","15/16","0.9375","93.75%","B","true","/15-16-as-a-percent-and-decimal","/what-is-equivalent-to-15-16-fraction"
"/what-is-equivalent-to-17-16-fraction","Equivalent Fractions","17","16","17/16","1.0625","106.25%","B","true","/what-is-equivalent-to-17-16-fraction","/17-16-as-a-percent-and-decimal"
"/17-16-as-a-percent-and-decimal","Percent and Decimal","17","16","17/16","1.0625","106.25%","B","true","/17-16-as-a-percent-and-decimal","/what-is-equivalent-to-17-16-fraction"
"/what-is-equivalent-to-18-16-fraction","Equivalent Fractions","18","16","9/8","1.125","112.5%","A","true","/what-is-equivalent-to-18-16-fraction","/18-16-as-a-percent-and-decimal"
"/18-16-as-a-percent-and-decimal","Percent and Decimal","18","16","9/8","1.125","112.5%","A","true","/18-16-as-a-percent-and-decimal","/what-is-equivalent-to-18-16-fraction"
"/what-is-equivalent-to-19-16-fraction","Equivalent Fractions","19","16","19/16","1.1875","118.75%","B","true","/what-is-equivalent-to-19-16-fraction","/19-16-as-a-percent-and-decimal"
"/19-16-as-a-percent-and-decimal","Percent and Decimal","19","16","19/16","1.1875","118.75%","B","true","/19-16-as-a-percent-and-decimal","/what-is-equivalent-to-19-16-fraction"
"/what-is-equivalent-to-21-16-fraction","Equivalent Fractions","21","16","21/16","1.3125","131.25%","B","true","/what-is-equivalent-to-21-16-fraction","/21-16-as-a-percent-and-decimal"
"/21-16-as-a-percent-and-decimal","Percent and Decimal","21","16","21/16","1.3125","131.25%","B","true","/21-16-as-a-percent-and-decimal","/what-is-equivalent-to-21-16-fraction"
"/what-is-equivalent-to-22-16-fraction","Equivalent Fractions","22","16","11/8","1.375","137.5%","A","true","/what-is-equivalent-to-22-16-fraction","/22-16-as-a-percent-and-decimal"
"/22-16-as-a-percent-and-decimal","Percent and Decimal","22","16","11/8","1.375","137.5%","A","true","/22-16-as-a-percent-and-decimal","/what-is-equivalent-to-22-16-fraction"
"/what-is-equivalent-to-23-16-fraction","Equivalent Fractions","23","16","23/16","1.4375","143.75%","B","true","/what-is-equivalent-to-23-16-fraction","/23-16-as-a-percent-and-decimal"
"/23-16-as-a-percent-and-decimal","Percent and Decimal","23","16","23/16","1.4375","143.75%","B","true","/23-16-as-a-percent-and-decimal","/what-is-equivalent-to-23-16-fraction"
"/what-is-equivalent-to-25-16-fraction","Equivalent Fractions","25","16","25/16","1.5625","156.25%","B","true","/what-is-equivalent-to-25-16-fraction","/25-16-as-a-percent-and-decimal"
"/25-16-as-a-percent-and-decimal","Percent and Decimal","25","16","25/16","1.5625","156.25%","B","true","/25-16-as-a-percent-and-decimal","/what-is-equivalent-to-25-16-fraction"
"/what-is-equivalent-to-26-16-fraction","Equivalent Fractions","26","16","13/8","1.625","162.5%","B","true","/what-is-equivalent-to-26-16-fraction","/26-16-as-a-percent-and-decimal"
"/26-16-as-a-percent-and-decimal","Percent and Decimal","26","16","13/8","1.625","162.5%","B","true","/26-16-as-a-percent-and-decimal","/what-is-equivalent-to-26-16-fraction"
"/what-is-equivalent-to-27-16-fraction","Equivalent Fractions","27","16","27/16","1.6875","168.75%","C","true","/what-is-equivalent-to-27-16-fraction","/27-16-as-a-percent-and-decimal"
"/27-16-as-a-percent-and-decimal","Percent and Decimal","27","16","27/16","1.6875","168.75%","C","true","/27-16-as-a-percent-and-decimal","/what-is-equivalent-to-27-16-fraction"
"/what-is-equivalent-to-29-16-fraction","Equivalent Fractions","29","16","29/16","1.8125","181.25%","C","true","/what-is-equivalent-to-29-16-fraction","/29-16-as-a-percent-and-decimal"
"/29-16-as-a-percent-and-decimal","Percent and Decimal","29","16","29/16","1.8125","181.25%","C","true","/29-16-as-a-percent-and-decimal","/what-is-equivalent-to-29-16-fraction"
"/what-is-equivalent-to-30-16-fraction","Equivalent Fractions","30","16","15/8","1.875","187.5%","B","true","/what-is-equivalent-to-30-16-fraction","/30-16-as-a-percent-and-decimal"
"/30-16-as-a-percent-and-decimal","Percent and Decimal","30","16","15/8","1.875","187.5%","B","true","/30-16-as-a-percent-and-decimal","/what-is-equivalent-to-30-16-fraction"
"/what-is-equivalent-to-31-16-fraction","Equivalent Fractions","31","16","31/16","1.9375","193.75%","C","true","/what-is-equivalent-to-31-16-fraction","/31-16-as-a-percent-and-decimal"
"/31-16-as-a-percent-and-decimal","Percent and Decimal","31","16","31/16","1.9375","193.75%","C","true","/31-16-as-a-percent-and-decimal","/what-is-equivalent-to-31-16-fraction"
"/what-is-equivalent-to-1-17-fraction","Equivalent Fractions","1","17","1/17","0.0588235294118","5.88235294118%","B","true","/what-is-equivalent-to-1-17-fraction","/1-17-as-a-percent-and-decimal"
"/1-17-as-a-percent-and-decimal","Percent and Decimal","1","17","1/17","0.0588235294118","5.88235294118%","B","true","/1-17-as-a-percent-and-decimal","/what-is-equivalent-to-1-17-fraction"
"/what-is-equivalent-to-2-17-fraction","Equivalent Fractions","2","17","2/17","0.117647058824","11.7647058824%","C","true","/what-is-equivalent-to-2-17-fraction","/2-17-as-a-percent-and-decimal"
"/2-17-as-a-percent-and-decimal","Percent and Decimal","2","17","2/17","0.117647058824","11.7647058824%","C","true","/2-17-as-a-percent-and-decimal","/what-is-equivalent-to-2-17-fraction"
"/what-is-equivalent-to-3-17-fraction","Equivalent Fractions","3","17","3/17","0.176470588235","17.6470588235%","C","true","/what-is-equivalent-to-3-17-fraction","/3-17-as-a-percent-and-decimal"
"/3-17-as-a-percent-and-decimal","Percent and Decimal","3","17","3/17","0.176470588235","17.6470588235%","C","true","/3-17-as-a-percent-and-decimal","/what-is-equivalent-to-3-17-fraction"
"/what-is-equivalent-to-4-17-fraction","Equivalent Fractions","4","17","4/17","0.235294117647","23.5294117647%","C","true","/what-is-equivalent-to-4-17-fraction","/4-17-as-a-percent-and-decimal"
"/4-17-as-a-percent-and-decimal","Percent and Decimal","4","17","4/17","0.235294117647","23.5294117647%","C","true","/4-17-as-a-percent-and-decimal","/what-is-equivalent-to-4-17-fraction"
"/what-is-equivalent-to-5-17-fraction","Equivalent Fractions","5","17","5/17","0.294117647059","29.4117647059%","C","true","/what-is-equivalent-to-5-17-fraction","/5-17-as-a-percent-and-decimal"
"/5-17-as-a-percent-and-decimal","Percent and Decimal","5","17","5/17","0.294117647059","29.4117647059%","C","true","/5-17-as-a-percent-and-decimal","/what-is-equivalent-to-5-17-fraction"
"/what-is-equivalent-to-6-17-fraction","Equivalent Fractions","6","17","6/17","0.352941176471","35.2941176471%","C","true","/what-is-equivalent-to-6-17-fraction","/6-17-as-a-percent-and-decimal"
"/6-17-as-a-percent-and-decimal","Percent and Decimal","6","17","6/17","0.352941176471","35.2941176471%","C","true","/6-17-as-a-percent-and-decimal","/what-is-equivalent-to-6-17-fraction"
"/what-is-equivalent-to-7-17-fraction","Equivalent Fractions","7","17","7/17","0.411764705882","41.1764705882%","C","true","/what-is-equivalent-to-7-17-fraction","/7-17-as-a-percent-and-decimal"
"/7-17-as-a-percent-and-decimal","Percent and Decimal","7","17","7/17","0.411764705882","41.1764705882%","C","true","/7-17-as-a-percent-and-decimal","/what-is-equivalent-to-7-17-fraction"
"/what-is-equivalent-to-8-17-fraction","Equivalent Fractions","8","17","8/17","0.470588235294","47.0588235294%","C","true","/what-is-equivalent-to-8-17-fraction","/8-17-as-a-percent-and-decimal"
"/8-17-as-a-percent-and-decimal","Percent and Decimal","8","17","8/17","0.470588235294","47.0588235294%","C","true","/8-17-as-a-percent-and-decimal","/what-is-equivalent-to-8-17-fraction"
"/what-is-equivalent-to-9-17-fraction","Equivalent Fractions","9","17","9/17","0.529411764706","52.9411764706%","C","true","/what-is-equivalent-to-9-17-fraction","/9-17-as-a-percent-and-decimal"
"/9-17-as-a-percent-and-decimal","Percent and Decimal","9","17","9/17","0.529411764706","52.9411764706%","C","true","/9-17-as-a-percent-and-decimal","/what-is-equivalent-to-9-17-fraction"
"/what-is-equivalent-to-10-17-fraction","Equivalent Fractions","10","17","10/17","0.588235294118","58.8235294118%","C","true","/what-is-equivalent-to-10-17-fraction","/10-17-as-a-percent-and-decimal"
"/10-17-as-a-percent-and-decimal","Percent and Decimal","10","17","10/17","0.588235294118","58.8235294118%","C","true","/10-17-as-a-percent-and-decimal","/what-is-equivalent-to-10-17-fraction"
"/what-is-equivalent-to-11-17-fraction","Equivalent Fractions","11","17","11/17","0.647058823529","64.7058823529%","C","true","/what-is-equivalent-to-11-17-fraction","/11-17-as-a-percent-and-decimal"
"/11-17-as-a-percent-and-decimal","Percent and Decimal","11","17","11/17","0.647058823529","64.7058823529%","C","true","/11-17-as-a-percent-and-decimal","/what-is-equivalent-to-11-17-fraction"
"/what-is-equivalent-to-12-17-fraction","Equivalent Fractions","12","17","12/17","0.705882352941","70.5882352941%","C","true","/what-is-equivalent-to-12-17-fraction","/12-17-as-a-percent-and-decimal"
"/12-17-as-a-percent-and-decimal","Percent and Decimal","12","17","12/17","0.705882352941","70.5882352941%","C","true","/12-17-as-a-percent-and-decimal","/what-is-equivalent-to-12-17-fraction"
"/what-is-equivalent-to-13-17-fraction","Equivalent Fractions","13","17","13/17","0.764705882353","76.4705882353%","C","true","/what-is-equivalent-to-13-17-fraction","/13-17-as-a-percent-and-decimal"
"/13-17-as-a-percent-and-decimal","Percent and Decimal","13","17","13/17","0.764705882353","76.4705882353%","C","true","/13-17-as-a-percent-and-decimal","/what-is-equivalent-to-13-17-fraction"
"/what-is-equivalent-to-14-17-fraction","Equivalent Fractions","14","17","14/17","0.823529411765","82.3529411765%","C","true","/what-is-equivalent-to-14-17-fraction","/14-17-as-a-percent-and-decimal"
"/14-17-as-a-percent-and-decimal","Percent and Decimal","14","17","14/17","0.823529411765","82.3529411765%","C","true","/14-17-as-a-percent-and-decimal","/what-is-equivalent-to-14-17-fraction"
"/what-is-equivalent-to-15-17-fraction","Equivalent Fractions","15","17","15/17","0.882352941176","88.2352941176%","C","true","/what-is-equivalent-to-15-17-fraction","/15-17-as-a-percent-and-decimal"
"/15-17-as-a-percent-and-decimal","Percent and Decimal","15","17","15/17","0.882352941176","88.2352941176%","C","true","/15-17-as-a-percent-and-decimal","/what-is-equivalent-to-15-17-fraction"
"/what-is-equivalent-to-16-17-fraction","Equivalent Fractions","16","17","16/17","0.941176470588","94.1176470588%","C","true","/what-is-equivalent-to-16-17-fraction","/16-17-as-a-percent-and-decimal"
"/16-17-as-a-percent-and-decimal","Percent and Decimal","16","17","16/17","0.941176470588","94.1176470588%","C","true","/16-17-as-a-percent-and-decimal","/what-is-equivalent-to-16-17-fraction"
"/what-is-equivalent-to-1-18-fraction","Equivalent Fractions","1","18","1/18","0.0555555555556","5.55555555556%","B","true","/what-is-equivalent-to-1-18-fraction","/1-18-as-a-percent-and-decimal"
"/1-18-as-a-percent-and-decimal","Percent and Decimal","1","18","1/18","0.0555555555556","5.55555555556%","B","true","/1-18-as-a-percent-and-decimal","/what-is-equivalent-to-1-18-fraction"
"/what-is-equivalent-to-2-18-fraction","Equivalent Fractions","2","18","1/9","0.111111111111","11.1111111111%","C","true","/what-is-equivalent-to-2-18-fraction","/2-18-as-a-percent-and-decimal"
"/2-18-as-a-percent-and-decimal","Percent and Decimal","2","18","1/9","0.111111111111","11.1111111111%","C","true","/2-18-as-a-percent-and-decimal","/what-is-equivalent-to-2-18-fraction"
"/what-is-equivalent-to-3-18-fraction","Equivalent Fractions","3","18","1/6","0.166666666667","16.6666666667%","C","true","/what-is-equivalent-to-3-18-fraction","/3-18-as-a-percent-and-decimal"
"/3-18-as-a-percent-and-decimal","Percent and Decimal","3","18","1/6","0.166666666667","16.6666666667%","C","true","/3-18-as-a-percent-and-decimal","/what-is-equivalent-to-3-18-fraction"
"/what-is-equivalent-to-4-18-fraction","Equivalent Fractions","4","18","2/9","0.222222222222","22.2222222222%","C","true","/what-is-equivalent-to-4-18-fraction","/4-18-as-a-percent-and-decimal"
"/4-18-as-a-percent-and-decimal","Percent and Decimal","4","18","2/9","0.222222222222","22.2222222222%","C","true","/4-18-as-a-percent-and-decimal","/what-is-equivalent-to-4-18-fraction"
"/what-is-equivalent-to-5-18-fraction","Equivalent Fractions","5","18","5/18","0.277777777778","27.7777777778%","C","true","/what-is-equivalent-to-5-18-fraction","/5-18-as-a-percent-and-decimal"
"/5-18-as-a-percent-and-decimal","Percent and Decimal","5","18","5/18","0.277777777778","27.7777777778%","C","true","/5-18-as-a-percent-and-decimal","/what-is-equivalent-to-5-18-fraction"
"/what-is-equivalent-to-7-18-fraction","Equivalent Fractions","7","18","7/18","0.388888888889","38.8888888889%","C","true","/what-is-equivalent-to-7-18-fraction","/7-18-as-a-percent-and-decimal"
"/7-18-as-a-percent-and-decimal","Percent and Decimal","7","18","7/18","0.388888888889","38.8888888889%","C","true","/7-18-as-a-percent-and-decimal","/what-is-equivalent-to-7-18-fraction"
"/what-is-equivalent-to-8-18-fraction","Equivalent Fractions","8","18","4/9","0.444444444444","44.4444444444%","C","true","/what-is-equivalent-to-8-18-fraction","/8-18-as-a-percent-and-decimal"
"/8-18-as-a-percent-and-decimal","Percent and Decimal","8","18","4/9","0.444444444444","44.4444444444%","C","true","/8-18-as-a-percent-and-decimal","/what-is-equivalent-to-8-18-fraction"
"/what-is-equivalent-to-10-18-fraction","Equivalent Fractions","10","18","5/9","0.555555555556","55.5555555556%","C","true","/what-is-equivalent-to-10-18-fraction","/10-18-as-a-percent-and-decimal"
"/10-18-as-a-percent-and-decimal","Percent and Decimal","10","18","5/9","0.555555555556","55.5555555556%","C","true","/10-18-as-a-percent-and-decimal","/what-is-equivalent-to-10-18-fraction"
"/what-is-equivalent-to-11-18-fraction","Equivalent Fractions","11","18","11/18","0.611111111111","61.1111111111%","C","true","/what-is-equivalent-to-11-18-fraction","/11-18-as-a-percent-and-decimal"
"/11-18-as-a-percent-and-decimal","Percent and Decimal","11","18","11/18","0.611111111111","61.1111111111%","C","true","/11-18-as-a-percent-and-decimal","/what-is-equivalent-to-11-18-fraction"
"/what-is-equivalent-to-13-18-fraction","Equivalent Fractions","13","18","13/18","0.722222222222","72.2222222222%","C","true","/what-is-equivalent-to-13-18-fraction","/13-18-as-a-percent-and-decimal"
"/13-18-as-a-percent-and-decimal","Percent and Decimal","13","18","13/18","0.722222222222","72.2222222222%","C","true","/13-18-as-a-percent-and-decimal","/what-is-equivalent-to-13-18-fraction"
"/what-is-equivalent-to-14-18-fraction","Equivalent Fractions","14","18","7/9","0.777777777778","77.7777777778%","C","true","/what-is-equivalent-to-14-18-fraction","/14-18-as-a-percent-and-decimal"
"/14-18-as-a-percent-and-decimal","Percent and Decimal","14","18","7/9","0.777777777778","77.7777777778%","C","true","/14-18-as-a-percent-and-decimal","/what-is-equivalent-to-14-18-fraction"
"/what-is-equivalent-to-15-18-fraction","Equivalent Fractions","15","18","5/6","0.833333333333","83.3333333333%","C","true","/what-is-equivalent-to-15-18-fraction","/15-18-as-a-percent-and-decimal"
"/15-18-as-a-percent-and-decimal","Percent and Decimal","15","18","5/6","0.833333333333","83.3333333333%","C","true","/15-18-as-a-percent-and-decimal","/what-is-equivalent-to-15-18-fraction"
"/what-is-equivalent-to-16-18-fraction","Equivalent Fractions","16","18","8/9","0.888888888889","88.8888888889%","C","true","/what-is-equivalent-to-16-18-fraction","/16-18-as-a-percent-and-decimal"
"/16-18-as-a-percent-and-decimal","Percent and Decimal","16","18","8/9","0.888888888889","88.8888888889%","C","true","/16-18-as-a-percent-and-decimal","/what-is-equivalent-to-16-18-fraction"
"/what-is-equivalent-to-17-18-fraction","Equivalent Fractions","17","18","17/18","0.944444444444","94.4444444444%","C","true","/what-is-equivalent-to-17-18-fraction","/17-18-as-a-percent-and-decimal"
"/17-18-as-a-percent-and-decimal","Percent and Decimal","17","18","17/18","0.944444444444","94.4444444444%","C","true","/17-18-as-a-percent-and-decimal","/what-is-equivalent-to-17-18-fraction"
"/what-is-equivalent-to-19-18-fraction","Equivalent Fractions","19","18","19/18","1.05555555556","105.555555556%","C","true","/what-is-equivalent-to-19-18-fraction","/19-18-as-a-percent-and-decimal"
"/19-18-as-a-percent-and-decimal","Percent and Decimal","19","18","19/18","1.05555555556","105.555555556%","C","true","/19-18-as-a-percent-and-decimal","/what-is-equivalent-to-19-18-fraction"
"/what-is-equivalent-to-20-18-fraction","Equivalent Fractions","20","18","10/9","1.11111111111","111.111111111%","C","true","/what-is-equivalent-to-20-18-fraction","/20-18-as-a-percent-and-decimal"
"/20-18-as-a-percent-and-decimal","Percent and Decimal","20","18","10/9","1.11111111111","111.111111111%","C","true","/20-18-as-a-percent-and-decimal","/what-is-equivalent-to-20-18-fraction"
"/what-is-equivalent-to-21-18-fraction","Equivalent Fractions","21","18","7/6","1.16666666667","116.666666667%","C","true","/what-is-equivalent-to-21-18-fraction","/21-18-as-a-percent-and-decimal"
"/21-18-as-a-percent-and-decimal","Percent and Decimal","21","18","7/6","1.16666666667","116.666666667%","C","true","/21-18-as-a-percent-and-decimal","/what-is-equivalent-to-21-18-fraction"
"/what-is-equivalent-to-22-18-fraction","Equivalent Fractions","22","18","11/9","1.22222222222","122.222222222%","C","true","/what-is-equivalent-to-22-18-fraction","/22-18-as-a-percent-and-decimal"
"/22-18-as-a-percent-and-decimal","Percent and Decimal","22","18","11/9","1.22222222222","122.222222222%","C","true","/22-18-as-a-percent-and-decimal","/what-is-equivalent-to-22-18-fraction"
"/what-is-equivalent-to-23-18-fraction","Equivalent Fractions","23","18","23/18","1.27777777778","127.777777778%","C","true","/what-is-equivalent-to-23-18-fraction","/23-18-as-a-percent-and-decimal"
"/23-18-as-a-percent-and-decimal","Percent and Decimal","23","18","23/18","1.27777777778","127.777777778%","C","true","/23-18-as-a-percent-and-decimal","/what-is-equivalent-to-23-18-fraction"
"/what-is-equivalent-to-25-18-fraction","Equivalent Fractions","25","18","25/18","1.38888888889","138.888888889%","C","true","/what-is-equivalent-to-25-18-fraction","/25-18-as-a-percent-and-decimal"
"/25-18-as-a-percent-and-decimal","Percent and Decimal","25","18","25/18","1.38888888889","138.888888889%","C","true","/25-18-as-a-percent-and-decimal","/what-is-equivalent-to-25-18-fraction"
"/what-is-equivalent-to-26-18-fraction","Equivalent Fractions","26","18","13/9","1.44444444444","144.444444444%","C","true","/what-is-equivalent-to-26-18-fraction","/26-18-as-a-percent-and-decimal"
"/26-18-as-a-percent-and-decimal","Percent and Decimal","26","18","13/9","1.44444444444","144.444444444%","C","true","/26-18-as-a-percent-and-decimal","/what-is-equivalent-to-26-18-fraction"
"/what-is-equivalent-to-28-18-fraction","Equivalent Fractions","28","18","14/9","1.55555555556","155.555555556%","C","true","/what-is-equivalent-to-28-18-fraction","/28-18-as-a-percent-and-decimal"
"/28-18-as-a-percent-and-decimal","Percent and Decimal","28","18","14/9","1.55555555556","155.555555556%","C","true","/28-18-as-a-percent-and-decimal","/what-is-equivalent-to-28-18-fraction"
"/what-is-equivalent-to-32-18-fraction","Equivalent Fractions","32","18","16/9","1.77777777778","177.777777778%","C","true","/what-is-equivalent-to-32-18-fraction","/32-18-as-a-percent-and-decimal"
"/32-18-as-a-percent-and-decimal","Percent and Decimal","32","18","16/9","1.77777777778","177.777777778%","C","true","/32-18-as-a-percent-and-decimal","/what-is-equivalent-to-32-18-fraction"
"/what-is-equivalent-to-33-18-fraction","Equivalent Fractions","33","18","11/6","1.83333333333","183.333333333%","C","true","/what-is-equivalent-to-33-18-fraction","/33-18-as-a-percent-and-decimal"
"/33-18-as-a-percent-and-decimal","Percent and Decimal","33","18","11/6","1.83333333333","183.333333333%","C","true","/33-18-as-a-percent-and-decimal","/what-is-equivalent-to-33-18-fraction"
"/what-is-equivalent-to-34-18-fraction","Equivalent Fractions","34","18","17/9","1.88888888889","188.888888889%","C","true","/what-is-equivalent-to-34-18-fraction","/34-18-as-a-percent-and-decimal"
"/34-18-as-a-percent-and-decimal","Percent and Decimal","34","18","17/9","1.88888888889","188.888888889%","C","true","/34-18-as-a-percent-and-decimal","/what-is-equivalent-to-34-18-fraction"
"/what-is-equivalent-to-1-19-fraction","Equivalent Fractions","1","19","1/19","0.0526315789474","5.26315789474%","B","true","/what-is-equivalent-to-1-19-fraction","/1-19-as-a-percent-and-decimal"
"/1-19-as-a-percent-and-decimal","Percent and Decimal","1","19","1/19","0.0526315789474","5.26315789474%","B","true","/1-19-as-a-percent-and-decimal","/what-is-equivalent-to-1-19-fraction"
"/what-is-equivalent-to-2-19-fraction","Equivalent Fractions","2","19","2/19","0.105263157895","10.5263157895%","C","true","/what-is-equivalent-to-2-19-fraction","/2-19-as-a-percent-and-decimal"
"/2-19-as-a-percent-and-decimal","Percent and Decimal","2","19","2/19","0.105263157895","10.5263157895%","C","true","/2-19-as-a-percent-and-decimal","/what-is-equivalent-to-2-19-fraction"
"/what-is-equivalent-to-3-19-fraction","Equivalent Fractions","3","19","3/19","0.157894736842","15.7894736842%","C","true","/what-is-equivalent-to-3-19-fraction","/3-19-as-a-percent-and-decimal"
"/3-19-as-a-percent-and-decimal","Percent and Decimal","3","19","3/19","0.157894736842","15.7894736842%","C","true","/3-19-as-a-percent-and-decimal","/what-is-equivalent-to-3-19-fraction"
"/what-is-equivalent-to-4-19-fraction","Equivalent Fractions","4","19","4/19","0.210526315789","21.0526315789%","C","true","/what-is-equivalent-to-4-19-fraction","/4-19-as-a-percent-and-decimal"
"/4-19-as-a-percent-and-decimal","Percent and Decimal","4","19","4/19","0.210526315789","21.0526315789%","C","true","/4-19-as-a-percent-and-decimal","/what-is-equivalent-to-4-19-fraction"
"/what-is-equivalent-to-5-19-fraction","Equivalent Fractions","5","19","5/19","0.263157894737","26.3157894737%","C","true","/what-is-equivalent-to-5-19-fraction","/5-19-as-a-percent-and-decimal"
"/5-19-as-a-percent-and-decimal","Percent and Decimal","5","19","5/19","0.263157894737","26.3157894737%","C","true","/5-19-as-a-percent-and-decimal","/what-is-equivalent-to-5-19-fraction"
"/what-is-equivalent-to-6-19-fraction","Equivalent Fractions","6","19","6/19","0.315789473684","31.5789473684%","C","true","/what-is-equivalent-to-6-19-fraction","/6-19-as-a-percent-and-decimal"
"/6-19-as-a-percent-and-decimal","Percent and Decimal","6","19","6/19","0.315789473684","31.5789473684%","C","true","/6-19-as-a-percent-and-decimal","/what-is-equivalent-to-6-19-fraction"
"/what-is-equivalent-to-7-19-fraction","Equivalent Fractions","7","19","7/19","0.368421052632","36.8421052632%","C","true","/what-is-equivalent-to-7-19-fraction","/7-19-as-a-percent-and-decimal"
"/7-19-as-a-percent-and-decimal","Percent and Decimal","7","19","7/19","0.368421052632","36.8421052632%","C","true","/7-19-as-a-percent-and-decimal","/what-is-equivalent-to-7-19-fraction"
"/what-is-equivalent-to-8-19-fraction","Equivalent Fractions","8","19","8/19","0.421052631579","42.1052631579%","C","true","/what-is-equivalent-to-8-19-fraction","/8-19-as-a-percent-and-decimal"
"/8-19-as-a-percent-and-decimal","Percent and Decimal","8","19","8/19","0.421052631579","42.1052631579%","C","true","/8-19-as-a-percent-and-decimal","/what-is-equivalent-to-8-19-fraction"
"/what-is-equivalent-to-9-19-fraction","Equivalent Fractions","9","19","9/19","0.473684210526","47.3684210526%","C","true","/what-is-equivalent-to-9-19-fraction","/9-19-as-a-percent-and-decimal"
"/9-19-as-a-percent-and-decimal","Percent and Decimal","9","19","9/19","0.473684210526","47.3684210526%","C","true","/9-19-as-a-percent-and-decimal","/what-is-equivalent-to-9-19-fraction"
"/what-is-equivalent-to-10-19-fraction","Equivalent Fractions","10","19","10/19","0.526315789474","52.6315789474%","C","true","/what-is-equivalent-to-10-19-fraction","/10-19-as-a-percent-and-decimal"
"/10-19-as-a-percent-and-decimal","Percent and Decimal","10","19","10/19","0.526315789474","52.6315789474%","C","true","/10-19-as-a-percent-and-decimal","/what-is-equivalent-to-10-19-fraction"
"/what-is-equivalent-to-11-19-fraction","Equivalent Fractions","11","19","11/19","0.578947368421","57.8947368421%","C","true","/what-is-equivalent-to-11-19-fraction","/11-19-as-a-percent-and-decimal"
"/11-19-as-a-percent-and-decimal","Percent and Decimal","11","19","11/19","0.578947368421","57.8947368421%","C","true","/11-19-as-a-percent-and-decimal","/what-is-equivalent-to-11-19-fraction"
"/what-is-equivalent-to-12-19-fraction","Equivalent Fractions","12","19","12/19","0.631578947368","63.1578947368%","C","true","/what-is-equivalent-to-12-19-fraction","/12-19-as-a-percent-and-decimal"
"/12-19-as-a-percent-and-decimal","Percent and Decimal","12","19","12/19","0.631578947368","63.1578947368%","C","true","/12-19-as-a-percent-and-decimal","/what-is-equivalent-to-12-19-fraction"
"/what-is-equivalent-to-13-19-fraction","Equivalent Fractions","13","19","13/19","0.684210526316","68.4210526316%","C","true","/what-is-equivalent-to-13-19-fraction","/13-19-as-a-percent-and-decimal"
"/13-19-as-a-percent-and-decimal","Percent and Decimal","13","19","13/19","0.684210526316","68.4210526316%","C","true","/13-19-as-a-percent-and-decimal","/what-is-equivalent-to-13-19-fraction"
"/what-is-equivalent-to-14-19-fraction","Equivalent Fractions","14","19","14/19","0.736842105263","73.6842105263%","C","true","/what-is-equivalent-to-14-19-fraction","/14-19-as-a-percent-and-decimal"
"/14-19-as-a-percent-and-decimal","Percent and Decimal","14","19","14/19","0.736842105263","73.6842105263%","C","true","/14-19-as-a-percent-and-decimal","/what-is-equivalent-to-14-19-fraction"
"/what-is-equivalent-to-15-19-fraction","Equivalent Fractions","15","19","15/19","0.789473684211","78.9473684211%","C","true","/what-is-equivalent-to-15-19-fraction","/15-19-as-a-percent-and-decimal"
"/15-19-as-a-percent-and-decimal","Percent and Decimal","15","19","15/19","0.789473684211","78.9473684211%","C","true","/15-19-as-a-percent-and-decimal","/what-is-equivalent-to-15-19-fraction"
"/what-is-equivalent-to-16-19-fraction","Equivalent Fractions","16","19","16/19","0.842105263158","84.2105263158%","C","true","/what-is-equivalent-to-16-19-fraction","/16-19-as-a-percent-and-decimal"
"/16-19-as-a-percent-and-decimal","Percent and Decimal","16","19","16/19","0.842105263158","84.2105263158%","C","true","/16-19-as-a-percent-and-decimal","/what-is-equivalent-to-16-19-fraction"
"/what-is-equivalent-to-17-19-fraction","Equivalent Fractions","17","19","17/19","0.894736842105","89.4736842105%","C","true","/what-is-equivalent-to-17-19-fraction","/17-19-as-a-percent-and-decimal"
"/17-19-as-a-percent-and-decimal","Percent and Decimal","17","19","17/19","0.894736842105","89.4736842105%","C","true","/17-19-as-a-percent-and-decimal","/what-is-equivalent-to-17-19-fraction"
"/what-is-equivalent-to-18-19-fraction","Equivalent Fractions","18","19","18/19","0.947368421053","94.7368421053%","C","true","/what-is-equivalent-to-18-19-fraction","/18-19-as-a-percent-and-decimal"
"/18-19-as-a-percent-and-decimal","Percent and Decimal","18","19","18/19","0.947368421053","94.7368421053%","C","true","/18-19-as-a-percent-and-decimal","/what-is-equivalent-to-18-19-fraction"
"/what-is-equivalent-to-1-20-fraction","Equivalent Fractions","1","20","1/20","0.05","5%","A","true","/what-is-equivalent-to-1-20-fraction","/1-20-as-a-percent-and-decimal"
"/1-20-as-a-percent-and-decimal","Percent and Decimal","1","20","1/20","0.05","5%","A","true","/1-20-as-a-percent-and-decimal","/what-is-equivalent-to-1-20-fraction"
"/what-is-equivalent-to-2-20-fraction","Equivalent Fractions","2","20","1/10","0.1","10%","A","true","/what-is-equivalent-to-2-20-fraction","/2-20-as-a-percent-and-decimal"
"/2-20-as-a-percent-and-decimal","Percent and Decimal","2","20","1/10","0.1","10%","A","true","/2-20-as-a-percent-and-decimal","/what-is-equivalent-to-2-20-fraction"
"/what-is-equivalent-to-3-20-fraction","Equivalent Fractions","3","20","3/20","0.15","15%","A","true","/what-is-equivalent-to-3-20-fraction","/3-20-as-a-percent-and-decimal"
"/3-20-as-a-percent-and-decimal","Percent and Decimal","3","20","3/20","0.15","15%","A","true","/3-20-as-a-percent-and-decimal","/what-is-equivalent-to-3-20-fraction"
"/what-is-equivalent-to-4-20-fraction","Equivalent Fractions","4","20","1/5","0.2","20%","A","true","/what-is-equivalent-to-4-20-fraction","/4-20-as-a-percent-and-decimal"
"/4-20-as-a-percent-and-decimal","Percent and Decimal","4","20","1/5","0.2","20%","A","true","/4-20-as-a-percent-and-decimal","/what-is-equivalent-to-4-20-fraction"
"/what-is-equivalent-to-6-20-fraction","Equivalent Fractions","6","20","3/10","0.3","30%","A","true","/what-is-equivalent-to-6-20-fraction","/6-20-as-a-percent-and-decimal"
"/6-20-as-a-percent-and-decimal","Percent and Decimal","6","20","3/10","0.3","30%","A","true","/6-20-as-a-percent-and-decimal","/what-is-equivalent-to-6-20-fraction"
"/what-is-equivalent-to-7-20-fraction","Equivalent Fractions","7","20","7/20","0.35","35%","A","true","/what-is-equivalent-to-7-20-fraction","/7-20-as-a-percent-and-decimal"
"/7-20-as-a-percent-and-decimal","Percent and Decimal","7","20","7/20","0.35","35%","A","true","/7-20-as-a-percent-and-decimal","/what-is-equivalent-to-7-20-fraction"
"/what-is-equivalent-to-8-20-fraction","Equivalent Fractions","8","20","2/5","0.4","40%","A","true","/what-is-equivalent-to-8-20-fraction","/8-20-as-a-percent-and-decimal"
"/8-20-as-a-percent-and-decimal","Percent and Decimal","8","20","2/5","0.4","40%","A","true","/8-20-as-a-percent-and-decimal","/what-is-equivalent-to-8-20-fraction"
"/what-is-equivalent-to-9-20-fraction","Equivalent Fractions","9","20","9/20","0.45","45%","A","true","/what-is-equivalent-to-9-20-fraction","/9-20-as-a-percent-and-decimal"
"/9-20-as-a-percent-and-decimal","Percent and Decimal","9","20","9/20","0.45","45%","A","true","/9-20-as-a-percent-and-decimal","/what-is-equivalent-to-9-20-fraction"
"/what-is-equivalent-to-11-20-fraction","Equivalent Fractions","11","20","11/20","0.55","55%","B","true","/what-is-equivalent-to-11-20-fraction","/11-20-as-a-percent-and-decimal"
"/11-20-as-a-percent-and-decimal","Percent and Decimal","11","20","11/20","0.55","55%","B","true","/11-20-as-a-percent-and-decimal","/what-is-equivalent-to-11-20-fraction"
"/what-is-equivalent-to-12-20-fraction","Equivalent Fractions","12","20","3/5","0.6","60%","A","true","/what-is-equivalent-to-12-20-fraction","/12-20-as-a-percent-and-decimal"
"/12-20-as-a-percent-and-decimal","Percent and Decimal","12","20","3/5","0.6","60%","A","true","/12-20-as-a-percent-and-decimal","/what-is-equivalent-to-12-20-fraction"
"/what-is-equivalent-to-13-20-fraction","Equivalent Fractions","13","20","13/20","0.65","65%","A","true","/what-is-equivalent-to-13-20-fraction","/13-20-as-a-percent-and-decimal"
"/13-20-as-a-percent-and-decimal","Percent and Decimal","13","20","13/20","0.65","65%","A","true","/13-20-as-a-percent-and-decimal","/what-is-equivalent-to-13-20-fraction"
"/what-is-equivalent-to-14-20-fraction","Equivalent Fractions","14","20","7/10","0.7","70%","A","true","/what-is-equivalent-to-14-20-fraction","/14-20-as-a-percent-and-decimal"
"/14-20-as-a-percent-and-decimal","Percent and Decimal","14","20","7/10","0.7","70%","A","true","/14-20-as-a-percent-and-decimal","/what-is-equivalent-to-14-20-fraction"
"/what-is-equivalent-to-16-20-fraction","Equivalent Fractions","16","20","4/5","0.8","80%","A","true","/what-is-equivalent-to-16-20-fraction","/16-20-as-a-percent-and-decimal"
"/16-20-as-a-percent-and-decimal","Percent and Decimal","16","20","4/5","0.8","80%","A","true","/16-20-as-a-percent-and-decimal","/what-is-equivalent-to-16-20-fraction"
"/what-is-equivalent-to-17-20-fraction","Equivalent Fractions","17","20","17/20","0.85","85%","A","true","/what-is-equivalent-to-17-20-fraction","/17-20-as-a-percent-and-decimal"
"/17-20-as-a-percent-and-decimal","Percent and Decimal","17","20","17/20","0.85","85%","A","true","/17-20-as-a-percent-and-decimal","/what-is-equivalent-to-17-20-fraction"
"/what-is-equivalent-to-18-20-fraction","Equivalent Fractions","18","20","9/10","0.9","90%","A","true","/what-is-equivalent-to-18-20-fraction","/18-20-as-a-percent-and-decimal"
"/18-20-as-a-percent-and-decimal","Percent and Decimal","18","20","9/10","0.9","90%","A","true","/18-20-as-a-percent-and-decimal","/what-is-equivalent-to-18-20-fraction"
"/what-is-equivalent-to-19-20-fraction","Equivalent Fractions","19","20","19/20","0.95","95%","A","true","/what-is-equivalent-to-19-20-fraction","/19-20-as-a-percent-and-decimal"
"/19-20-as-a-percent-and-decimal","Percent and Decimal","19","20","19/20","0.95","95%","A","true","/19-20-as-a-percent-and-decimal","/what-is-equivalent-to-19-20-fraction"
"/what-is-equivalent-to-21-20-fraction","Equivalent Fractions","21","20","21/20","1.05","105%","B","true","/what-is-equivalent-to-21-20-fraction","/21-20-as-a-percent-and-decimal"
"/21-20-as-a-percent-and-decimal","Percent and Decimal","21","20","21/20","1.05","105%","B","true","/21-20-as-a-percent-and-decimal","/what-is-equivalent-to-21-20-fraction"
"/what-is-equivalent-to-22-20-fraction","Equivalent Fractions","22","20","11/10","1.1","110%","B","true","/what-is-equivalent-to-22-20-fraction","/22-20-as-a-percent-and-decimal"
"/22-20-as-a-percent-and-decimal","Percent and Decimal","22","20","11/10","1.1","110%","B","true","/22-20-as-a-percent-and-decimal","/what-is-equivalent-to-22-20-fraction"
"/what-is-equivalent-to-23-20-fraction","Equivalent Fractions","23","20","23/20","1.15","115%","B","true","/what-is-equivalent-to-23-20-fraction","/23-20-as-a-percent-and-decimal"
"/23-20-as-a-percent-and-decimal","Percent and Decimal","23","20","23/20","1.15","115%","B","true","/23-20-as-a-percent-and-decimal","/what-is-equivalent-to-23-20-fraction"
"/what-is-equivalent-to-24-20-fraction","Equivalent Fractions","24","20","6/5","1.2","120%","A","true","/what-is-equivalent-to-24-20-fraction","/24-20-as-a-percent-and-decimal"
"/24-20-as-a-percent-and-decimal","Percent and Decimal","24","20","6/5","1.2","120%","A","true","/24-20-as-a-percent-and-decimal","/what-is-equivalent-to-24-20-fraction"
"/what-is-equivalent-to-26-20-fraction","Equivalent Fractions","26","20","13/10","1.3","130%","A","true","/what-is-equivalent-to-26-20-fraction","/26-20-as-a-percent-and-decimal"
"/26-20-as-a-percent-and-decimal","Percent and Decimal","26","20","13/10","1.3","130%","A","true","/26-20-as-a-percent-and-decimal","/what-is-equivalent-to-26-20-fraction"
"/what-is-equivalent-to-27-20-fraction","Equivalent Fractions","27","20","27/20","1.35","135%","B","true","/what-is-equivalent-to-27-20-fraction","/27-20-as-a-percent-and-decimal"
"/27-20-as-a-percent-and-decimal","Percent and Decimal","27","20","27/20","1.35","135%","B","true","/27-20-as-a-percent-and-decimal","/what-is-equivalent-to-27-20-fraction"
"/what-is-equivalent-to-28-20-fraction","Equivalent Fractions","28","20","7/5","1.4","140%","A","true","/what-is-equivalent-to-28-20-fraction","/28-20-as-a-percent-and-decimal"
"/28-20-as-a-percent-and-decimal","Percent and Decimal","28","20","7/5","1.4","140%","A","true","/28-20-as-a-percent-and-decimal","/what-is-equivalent-to-28-20-fraction"
"/what-is-equivalent-to-29-20-fraction","Equivalent Fractions","29","20","29/20","1.45","145%","B","true","/what-is-equivalent-to-29-20-fraction","/29-20-as-a-percent-and-decimal"
"/29-20-as-a-percent-and-decimal","Percent and Decimal","29","20","29/20","1.45","145%","B","true","/29-20-as-a-percent-and-decimal","/what-is-equivalent-to-29-20-fraction"
"/what-is-equivalent-to-31-20-fraction","Equivalent Fractions","31","20","31/20","1.55","155%","B","true","/what-is-equivalent-to-31-20-fraction","/31-20-as-a-percent-and-decimal"
"/31-20-as-a-percent-and-decimal","Percent and Decimal","31","20","31/20","1.55","155%","B","true","/31-20-as-a-percent-and-decimal","/what-is-equivalent-to-31-20-fraction"
"/what-is-equivalent-to-32-20-fraction","Equivalent Fractions","32","20","8/5","1.6","160%","A","true","/what-is-equivalent-to-32-20-fraction","/32-20-as-a-percent-and-decimal"
"/32-20-as-a-percent-and-decimal","Percent and Decimal","32","20","8/5","1.6","160%","A","true","/32-20-as-a-percent-and-decimal","/what-is-equivalent-to-32-20-fraction"
"/what-is-equivalent-to-33-20-fraction","Equivalent Fractions","33","20","33/20","1.65","165%","B","true","/what-is-equivalent-to-33-20-fraction","/33-20-as-a-percent-and-decimal"
"/33-20-as-a-percent-and-decimal","Percent and Decimal","33","20","33/20","1.65","165%","B","true","/33-20-as-a-percent-and-decimal","/what-is-equivalent-to-33-20-fraction"
"/what-is-equivalent-to-34-20-fraction","Equivalent Fractions","34","20","17/10","1.7","170%","A","true","/what-is-equivalent-to-34-20-fraction","/34-20-as-a-percent-and-decimal"
"/34-20-as-a-percent-and-decimal","Percent and Decimal","34","20","17/10","1.7","170%","A","true","/34-20-as-a-percent-and-decimal","/what-is-equivalent-to-34-20-fraction"
"/what-is-equivalent-to-36-20-fraction","Equivalent Fractions","36","20","9/5","1.8","180%","A","true","/what-is-equivalent-to-36-20-fraction","/36-20-as-a-percent-and-decimal"
"/36-20-as-a-percent-and-decimal","Percent and Decimal","36","20","9/5","1.8","180%","A","true","/36-20-as-a-percent-and-decimal","/what-is-equivalent-to-36-20-fraction"
"/what-is-equivalent-to-37-20-fraction","Equivalent Fractions","37","20","37/20","1.85","185%","B","true","/what-is-equivalent-to-37-20-fraction","/37-20-as-a-percent-and-decimal"
"/37-20-as-a-percent-and-decimal","Percent and Decimal","37","20","37/20","1.85","185%","B","true","/37-20-as-a-percent-and-decimal","/what-is-equivalent-to-37-20-fraction"
"/what-is-equivalent-to-38-20-fraction","Equivalent Fractions","38","20","19/10","1.9","190%","A","true","/what-is-equivalent-to-38-20-fraction","/38-20-as-a-percent-and-decimal"
"/38-20-as-a-percent-and-decimal","Percent and Decimal","38","20","19/10","1.9","190%","A","true","/38-20-as-a-percent-and-decimal","/what-is-equivalent-to-38-20-fraction"
"/what-is-equivalent-to-39-20-fraction","Equivalent Fractions","39","20","39/20","1.95","195%","B","true","/what-is-equivalent-to-39-20-fraction","/39-20-as-a-percent-and-decimal"
"/39-20-as-a-percent-and-decimal","Percent and Decimal","39","20","39/20","1.95","195%","B","true","/39-20-as-a-percent-and-decimal","/what-is-equivalent-to-39-20-fraction"
"/what-is-equivalent-to-1-21-fraction","Equivalent Fractions","1","21","1/21","0.047619047619","4.7619047619%","C","true","/what-is-equivalent-to-1-21-fraction","/1-21-as-a-percent-and-decimal"
"/1-21-as-a-percent-and-decimal","Percent and Decimal","1","21","1/21","0.047619047619","4.7619047619%","C","true","/1-21-as-a-percent-and-decimal","/what-is-equivalent-to-1-21-fraction"
"/what-is-equivalent-to-2-21-fraction","Equivalent Fractions","2","21","2/21","0.0952380952381","9.52380952381%","C","true","/what-is-equivalent-to-2-21-fraction","/2-21-as-a-percent-and-decimal"
"/2-21-as-a-percent-and-decimal","Percent and Decimal","2","21","2/21","0.0952380952381","9.52380952381%","C","true","/2-21-as-a-percent-and-decimal","/what-is-equivalent-to-2-21-fraction"
"/what-is-equivalent-to-3-21-fraction","Equivalent Fractions","3","21","1/7","0.142857142857","14.2857142857%","C","true","/what-is-equivalent-to-3-21-fraction","/3-21-as-a-percent-and-decimal"
"/3-21-as-a-percent-and-decimal","Percent and Decimal","3","21","1/7","0.142857142857","14.2857142857%","C","true","/3-21-as-a-percent-and-decimal","/what-is-equivalent-to-3-21-fraction"
"/what-is-equivalent-to-4-21-fraction","Equivalent Fractions","4","21","4/21","0.190476190476","19.0476190476%","C","true","/what-is-equivalent-to-4-21-fraction","/4-21-as-a-percent-and-decimal"
"/4-21-as-a-percent-and-decimal","Percent and Decimal","4","21","4/21","0.190476190476","19.0476190476%","C","true","/4-21-as-a-percent-and-decimal","/what-is-equivalent-to-4-21-fraction"
"/what-is-equivalent-to-5-21-fraction","Equivalent Fractions","5","21","5/21","0.238095238095","23.8095238095%","C","true","/what-is-equivalent-to-5-21-fraction","/5-21-as-a-percent-and-decimal"
"/5-21-as-a-percent-and-decimal","Percent and Decimal","5","21","5/21","0.238095238095","23.8095238095%","C","true","/5-21-as-a-percent-and-decimal","/what-is-equivalent-to-5-21-fraction"
"/what-is-equivalent-to-6-21-fraction","Equivalent Fractions","6","21","2/7","0.285714285714","28.5714285714%","C","true","/what-is-equivalent-to-6-21-fraction","/6-21-as-a-percent-and-decimal"
"/6-21-as-a-percent-and-decimal","Percent and Decimal","6","21","2/7","0.285714285714","28.5714285714%","C","true","/6-21-as-a-percent-and-decimal","/what-is-equivalent-to-6-21-fraction"
"/what-is-equivalent-to-8-21-fraction","Equivalent Fractions","8","21","8/21","0.380952380952","38.0952380952%","C","true","/what-is-equivalent-to-8-21-fraction","/8-21-as-a-percent-and-decimal"
"/8-21-as-a-percent-and-decimal","Percent and Decimal","8","21","8/21","0.380952380952","38.0952380952%","C","true","/8-21-as-a-percent-and-decimal","/what-is-equivalent-to-8-21-fraction"
"/what-is-equivalent-to-9-21-fraction","Equivalent Fractions","9","21","3/7","0.428571428571","42.8571428571%","C","true","/what-is-equivalent-to-9-21-fraction","/9-21-as-a-percent-and-decimal"
"/9-21-as-a-percent-and-decimal","Percent and Decimal","9","21","3/7","0.428571428571","42.8571428571%","C","true","/9-21-as-a-percent-and-decimal","/what-is-equivalent-to-9-21-fraction"
"/what-is-equivalent-to-10-21-fraction","Equivalent Fractions","10","21","10/21","0.47619047619","47.619047619%","C","true","/what-is-equivalent-to-10-21-fraction","/10-21-as-a-percent-and-decimal"
"/10-21-as-a-percent-and-decimal","Percent and Decimal","10","21","10/21","0.47619047619","47.619047619%","C","true","/10-21-as-a-percent-and-decimal","/what-is-equivalent-to-10-21-fraction"
"/what-is-equivalent-to-11-21-fraction","Equivalent Fractions","11","21","11/21","0.52380952381","52.380952381%","C","true","/what-is-equivalent-to-11-21-fraction","/11-21-as-a-percent-and-decimal"
"/11-21-as-a-percent-and-decimal","Percent and Decimal","11","21","11/21","0.52380952381","52.380952381%","C","true","/11-21-as-a-percent-and-decimal","/what-is-equivalent-to-11-21-fraction"
"/what-is-equivalent-to-12-21-fraction","Equivalent Fractions","12","21","4/7","0.571428571429","57.1428571429%","C","true","/what-is-equivalent-to-12-21-fraction","/12-21-as-a-percent-and-decimal"
"/12-21-as-a-percent-and-decimal","Percent and Decimal","12","21","4/7","0.571428571429","57.1428571429%","C","true","/12-21-as-a-percent-and-decimal","/what-is-equivalent-to-12-21-fraction"
"/what-is-equivalent-to-1-22-fraction","Equivalent Fractions","1","22","1/22","0.0454545454545","4.54545454545%","C","true","/what-is-equivalent-to-1-22-fraction","/1-22-as-a-percent-and-decimal"
"/1-22-as-a-percent-and-decimal","Percent and Decimal","1","22","1/22","0.0454545454545","4.54545454545%","C","true","/1-22-as-a-percent-and-decimal","/what-is-equivalent-to-1-22-fraction"
"/what-is-equivalent-to-2-22-fraction","Equivalent Fractions","2","22","1/11","0.0909090909091","9.09090909091%","C","true","/what-is-equivalent-to-2-22-fraction","/2-22-as-a-percent-and-decimal"
"/2-22-as-a-percent-and-decimal","Percent and Decimal","2","22","1/11","0.0909090909091","9.09090909091%","C","true","/2-22-as-a-percent-and-decimal","/what-is-equivalent-to-2-22-fraction"
"/what-is-equivalent-to-3-22-fraction","Equivalent Fractions","3","22","3/22","0.136363636364","13.6363636364%","C","true","/what-is-equivalent-to-3-22-fraction","/3-22-as-a-percent-and-decimal"
"/3-22-as-a-percent-and-decimal","Percent and Decimal","3","22","3/22","0.136363636364","13.6363636364%","C","true","/3-22-as-a-percent-and-decimal","/what-is-equivalent-to-3-22-fraction"
"/what-is-equivalent-to-4-22-fraction","Equivalent Fractions","4","22","2/11","0.181818181818","18.1818181818%","C","true","/what-is-equivalent-to-4-22-fraction","/4-22-as-a-percent-and-decimal"
"/4-22-as-a-percent-and-decimal","Percent and Decimal","4","22","2/11","0.181818181818","18.1818181818%","C","true","/4-22-as-a-percent-and-decimal","/what-is-equivalent-to-4-22-fraction"
"/what-is-equivalent-to-5-22-fraction","Equivalent Fractions","5","22","5/22","0.227272727273","22.7272727273%","C","true","/what-is-equivalent-to-5-22-fraction","/5-22-as-a-percent-and-decimal"
"/5-22-as-a-percent-and-decimal","Percent and Decimal","5","22","5/22","0.227272727273","22.7272727273%","C","true","/5-22-as-a-percent-and-decimal","/what-is-equivalent-to-5-22-fraction"
"/what-is-equivalent-to-6-22-fraction","Equivalent Fractions","6","22","3/11","0.272727272727","27.2727272727%","C","true","/what-is-equivalent-to-6-22-fraction","/6-22-as-a-percent-and-decimal"
"/6-22-as-a-percent-and-decimal","Percent and Decimal","6","22","3/11","0.272727272727","27.2727272727%","C","true","/6-22-as-a-percent-and-decimal","/what-is-equivalent-to-6-22-fraction"
"/what-is-equivalent-to-7-22-fraction","Equivalent Fractions","7","22","7/22","0.318181818182","31.8181818182%","C","true","/what-is-equivalent-to-7-22-fraction","/7-22-as-a-percent-and-decimal"
"/7-22-as-a-percent-and-decimal","Percent and Decimal","7","22","7/22","0.318181818182","31.8181818182%","C","true","/7-22-as-a-percent-and-decimal","/what-is-equivalent-to-7-22-fraction"
"/what-is-equivalent-to-8-22-fraction","Equivalent Fractions","8","22","4/11","0.363636363636","36.3636363636%","C","true","/what-is-equivalent-to-8-22-fraction","/8-22-as-a-percent-and-decimal"
"/8-22-as-a-percent-and-decimal","Percent and Decimal","8","22","4/11","0.363636363636","36.3636363636%","C","true","/8-22-as-a-percent-and-decimal","/what-is-equivalent-to-8-22-fraction"
"/what-is-equivalent-to-9-22-fraction","Equivalent Fractions","9","22","9/22","0.409090909091","40.9090909091%","C","true","/what-is-equivalent-to-9-22-fraction","/9-22-as-a-percent-and-decimal"
"/9-22-as-a-percent-and-decimal","Percent and Decimal","9","22","9/22","0.409090909091","40.9090909091%","C","true","/9-22-as-a-percent-and-decimal","/what-is-equivalent-to-9-22-fraction"
"/what-is-equivalent-to-10-22-fraction","Equivalent Fractions","10","22","5/11","0.454545454545","45.4545454545%","C","true","/what-is-equivalent-to-10-22-fraction","/10-22-as-a-percent-and-decimal"
"/10-22-as-a-percent-and-decimal","Percent and Decimal","10","22","5/11","0.454545454545","45.4545454545%","C","true","/10-22-as-a-percent-and-decimal","/what-is-equivalent-to-10-22-fraction"
"/what-is-equivalent-to-12-22-fraction","Equivalent Fractions","12","22","6/11","0.545454545455","54.5454545455%","C","true","/what-is-equivalent-to-12-22-fraction","/12-22-as-a-percent-and-decimal"
"/12-22-as-a-percent-and-decimal","Percent and Decimal","12","22","6/11","0.545454545455","54.5454545455%","C","true","/12-22-as-a-percent-and-decimal","/what-is-equivalent-to-12-22-fraction"
"/what-is-equivalent-to-1-23-fraction","Equivalent Fractions","1","23","1/23","0.0434782608696","4.34782608696%","C","true","/what-is-equivalent-to-1-23-fraction","/1-23-as-a-percent-and-decimal"
"/1-23-as-a-percent-and-decimal","Percent and Decimal","1","23","1/23","0.0434782608696","4.34782608696%","C","true","/1-23-as-a-percent-and-decimal","/what-is-equivalent-to-1-23-fraction"
"/what-is-equivalent-to-2-23-fraction","Equivalent Fractions","2","23","2/23","0.0869565217391","8.69565217391%","C","true","/what-is-equivalent-to-2-23-fraction","/2-23-as-a-percent-and-decimal"
"/2-23-as-a-percent-and-decimal","Percent and Decimal","2","23","2/23","0.0869565217391","8.69565217391%","C","true","/2-23-as-a-percent-and-decimal","/what-is-equivalent-to-2-23-fraction"
"/what-is-equivalent-to-3-23-fraction","Equivalent Fractions","3","23","3/23","0.130434782609","13.0434782609%","C","true","/what-is-equivalent-to-3-23-fraction","/3-23-as-a-percent-and-decimal"
"/3-23-as-a-percent-and-decimal","Percent and Decimal","3","23","3/23","0.130434782609","13.0434782609%","C","true","/3-23-as-a-percent-and-decimal","/what-is-equivalent-to-3-23-fraction"
"/what-is-equivalent-to-4-23-fraction","Equivalent Fractions","4","23","4/23","0.173913043478","17.3913043478%","C","true","/what-is-equivalent-to-4-23-fraction","/4-23-as-a-percent-and-decimal"
"/4-23-as-a-percent-and-decimal","Percent and Decimal","4","23","4/23","0.173913043478","17.3913043478%","C","true","/4-23-as-a-percent-and-decimal","/what-is-equivalent-to-4-23-fraction"
"/what-is-equivalent-to-5-23-fraction","Equivalent Fractions","5","23","5/23","0.217391304348","21.7391304348%","C","true","/what-is-equivalent-to-5-23-fraction","/5-23-as-a-percent-and-decimal"
"/5-23-as-a-percent-and-decimal","Percent and Decimal","5","23","5/23","0.217391304348","21.7391304348%","C","true","/5-23-as-a-percent-and-decimal","/what-is-equivalent-to-5-23-fraction"
"/what-is-equivalent-to-6-23-fraction","Equivalent Fractions","6","23","6/23","0.260869565217","26.0869565217%","C","true","/what-is-equivalent-to-6-23-fraction","/6-23-as-a-percent-and-decimal"
"/6-23-as-a-percent-and-decimal","Percent and Decimal","6","23","6/23","0.260869565217","26.0869565217%","C","true","/6-23-as-a-percent-and-decimal","/what-is-equivalent-to-6-23-fraction"
"/what-is-equivalent-to-7-23-fraction","Equivalent Fractions","7","23","7/23","0.304347826087","30.4347826087%","C","true","/what-is-equivalent-to-7-23-fraction","/7-23-as-a-percent-and-decimal"
"/7-23-as-a-percent-and-decimal","Percent and Decimal","7","23","7/23","0.304347826087","30.4347826087%","C","true","/7-23-as-a-percent-and-decimal","/what-is-equivalent-to-7-23-fraction"
"/what-is-equivalent-to-8-23-fraction","Equivalent Fractions","8","23","8/23","0.347826086957","34.7826086957%","C","true","/what-is-equivalent-to-8-23-fraction","/8-23-as-a-percent-and-decimal"
"/8-23-as-a-percent-and-decimal","Percent and Decimal","8","23","8/23","0.347826086957","34.7826086957%","C","true","/8-23-as-a-percent-and-decimal","/what-is-equivalent-to-8-23-fraction"
"/what-is-equivalent-to-9-23-fraction","Equivalent Fractions","9","23","9/23","0.391304347826","39.1304347826%","C","true","/what-is-equivalent-to-9-23-fraction","/9-23-as-a-percent-and-decimal"
"/9-23-as-a-percent-and-decimal","Percent and Decimal","9","23","9/23","0.391304347826","39.1304347826%","C","true","/9-23-as-a-percent-and-decimal","/what-is-equivalent-to-9-23-fraction"
"/what-is-equivalent-to-10-23-fraction","Equivalent Fractions","10","23","10/23","0.434782608696","43.4782608696%","C","true","/what-is-equivalent-to-10-23-fraction","/10-23-as-a-percent-and-decimal"
"/10-23-as-a-percent-and-decimal","Percent and Decimal","10","23","10/23","0.434782608696","43.4782608696%","C","true","/10-23-as-a-percent-and-decimal","/what-is-equivalent-to-10-23-fraction"
"/what-is-equivalent-to-11-23-fraction","Equivalent Fractions","11","23","11/23","0.478260869565","47.8260869565%","C","true","/what-is-equivalent-to-11-23-fraction","/11-23-as-a-percent-and-decimal"
"/11-23-as-a-percent-and-decimal","Percent and Decimal","11","23","11/23","0.478260869565","47.8260869565%","C","true","/11-23-as-a-percent-and-decimal","/what-is-equivalent-to-11-23-fraction"
"/what-is-equivalent-to-12-23-fraction","Equivalent Fractions","12","23","12/23","0.521739130435","52.1739130435%","C","true","/what-is-equivalent-to-12-23-fraction","/12-23-as-a-percent-and-decimal"
"/12-23-as-a-percent-and-decimal","Percent and Decimal","12","23","12/23","0.521739130435","52.1739130435%","C","true","/12-23-as-a-percent-and-decimal","/what-is-equivalent-to-12-23-fraction"
"/what-is-equivalent-to-1-24-fraction","Equivalent Fractions","1","24","1/24","0.0416666666667","4.16666666667%","B","true","/what-is-equivalent-to-1-24-fraction","/1-24-as-a-percent-and-decimal"
"/1-24-as-a-percent-and-decimal","Percent and Decimal","1","24","1/24","0.0416666666667","4.16666666667%","B","true","/1-24-as-a-percent-and-decimal","/what-is-equivalent-to-1-24-fraction"
"/what-is-equivalent-to-2-24-fraction","Equivalent Fractions","2","24","1/12","0.0833333333333","8.33333333333%","C","true","/what-is-equivalent-to-2-24-fraction","/2-24-as-a-percent-and-decimal"
"/2-24-as-a-percent-and-decimal","Percent and Decimal","2","24","1/12","0.0833333333333","8.33333333333%","C","true","/2-24-as-a-percent-and-decimal","/what-is-equivalent-to-2-24-fraction"
"/what-is-equivalent-to-3-24-fraction","Equivalent Fractions","3","24","1/8","0.125","12.5%","A","true","/what-is-equivalent-to-3-24-fraction","/3-24-as-a-percent-and-decimal"
"/3-24-as-a-percent-and-decimal","Percent and Decimal","3","24","1/8","0.125","12.5%","A","true","/3-24-as-a-percent-and-decimal","/what-is-equivalent-to-3-24-fraction"
"/what-is-equivalent-to-5-24-fraction","Equivalent Fractions","5","24","5/24","0.208333333333","20.8333333333%","C","true","/what-is-equivalent-to-5-24-fraction","/5-24-as-a-percent-and-decimal"
"/5-24-as-a-percent-and-decimal","Percent and Decimal","5","24","5/24","0.208333333333","20.8333333333%","C","true","/5-24-as-a-percent-and-decimal","/what-is-equivalent-to-5-24-fraction"
"/what-is-equivalent-to-7-24-fraction","Equivalent Fractions","7","24","7/24","0.291666666667","29.1666666667%","C","true","/what-is-equivalent-to-7-24-fraction","/7-24-as-a-percent-and-decimal"
"/7-24-as-a-percent-and-decimal","Percent and Decimal","7","24","7/24","0.291666666667","29.1666666667%","C","true","/7-24-as-a-percent-and-decimal","/what-is-equivalent-to-7-24-fraction"
"/what-is-equivalent-to-9-24-fraction","Equivalent Fractions","9","24","3/8","0.375","37.5%","A","true","/what-is-equivalent-to-9-24-fraction","/9-24-as-a-percent-and-decimal"
"/9-24-as-a-percent-and-decimal","Percent and Decimal","9","24","3/8","0.375","37.5%","A","true","/9-24-as-a-percent-and-decimal","/what-is-equivalent-to-9-24-fraction"
"/what-is-equivalent-to-10-24-fraction","Equivalent Fractions","10","24","5/12","0.416666666667","41.6666666667%","C","true","/what-is-equivalent-to-10-24-fraction","/10-24-as-a-percent-and-decimal"
"/10-24-as-a-percent-and-decimal","Percent and Decimal","10","24","5/12","0.416666666667","41.6666666667%","C","true","/10-24-as-a-percent-and-decimal","/what-is-equivalent-to-10-24-fraction"
"/what-is-equivalent-to-11-24-fraction","Equivalent Fractions","11","24","11/24","0.458333333333","45.8333333333%","C","true","/what-is-equivalent-to-11-24-fraction","/11-24-as-a-percent-and-decimal"
"/11-24-as-a-percent-and-decimal","Percent and Decimal","11","24","11/24","0.458333333333","45.8333333333%","C","true","/11-24-as-a-percent-and-decimal","/what-is-equivalent-to-11-24-fraction"
"/what-is-equivalent-to-13-24-fraction","Equivalent Fractions","13","24","13/24","0.541666666667","54.1666666667%","C","true","/what-is-equivalent-to-13-24-fraction","/13-24-as-a-percent-and-decimal"
"/13-24-as-a-percent-and-decimal","Percent and Decimal","13","24","13/24","0.541666666667","54.1666666667%","C","true","/13-24-as-a-percent-and-decimal","/what-is-equivalent-to-13-24-fraction"
"/what-is-equivalent-to-14-24-fraction","Equivalent Fractions","14","24","7/12","0.583333333333","58.3333333333%","C","true","/what-is-equivalent-to-14-24-fraction","/14-24-as-a-percent-and-decimal"
"/14-24-as-a-percent-and-decimal","Percent and Decimal","14","24","7/12","0.583333333333","58.3333333333%","C","true","/14-24-as-a-percent-and-decimal","/what-is-equivalent-to-14-24-fraction"
"/what-is-equivalent-to-15-24-fraction","Equivalent Fractions","15","24","5/8","0.625","62.5%","B","true","/what-is-equivalent-to-15-24-fraction","/15-24-as-a-percent-and-decimal"
"/15-24-as-a-percent-and-decimal","Percent and Decimal","15","24","5/8","0.625","62.5%","B","true","/15-24-as-a-percent-and-decimal","/what-is-equivalent-to-15-24-fraction"
"/what-is-equivalent-to-17-24-fraction","Equivalent Fractions","17","24","17/24","0.708333333333","70.8333333333%","C","true","/what-is-equivalent-to-17-24-fraction","/17-24-as-a-percent-and-decimal"
"/17-24-as-a-percent-and-decimal","Percent and Decimal","17","24","17/24","0.708333333333","70.8333333333%","C","true","/17-24-as-a-percent-and-decimal","/what-is-equivalent-to-17-24-fraction"
"/what-is-equivalent-to-19-24-fraction","Equivalent Fractions","19","24","19/24","0.791666666667","79.1666666667%","C","true","/what-is-equivalent-to-19-24-fraction","/19-24-as-a-percent-and-decimal"
"/19-24-as-a-percent-and-decimal","Percent and Decimal","19","24","19/24","0.791666666667","79.1666666667%","C","true","/19-24-as-a-percent-and-decimal","/what-is-equivalent-to-19-24-fraction"
"/what-is-equivalent-to-21-24-fraction","Equivalent Fractions","21","24","7/8","0.875","87.5%","B","true","/what-is-equivalent-to-21-24-fraction","/21-24-as-a-percent-and-decimal"
"/21-24-as-a-percent-and-decimal","Percent and Decimal","21","24","7/8","0.875","87.5%","B","true","/21-24-as-a-percent-and-decimal","/what-is-equivalent-to-21-24-fraction"
"/what-is-equivalent-to-22-24-fraction","Equivalent Fractions","22","24","11/12","0.916666666667","91.6666666667%","C","true","/what-is-equivalent-to-22-24-fraction","/22-24-as-a-percent-and-decimal"
"/22-24-as-a-percent-and-decimal","Percent and Decimal","22","24","11/12","0.916666666667","91.6666666667%","C","true","/22-24-as-a-percent-and-decimal","/what-is-equivalent-to-22-24-fraction"
"/what-is-equivalent-to-23-24-fraction","Equivalent Fractions","23","24","23/24","0.958333333333","95.8333333333%","C","true","/what-is-equivalent-to-23-24-fraction","/23-24-as-a-percent-and-decimal"
"/23-24-as-a-percent-and-decimal","Percent and Decimal","23","24","23/24","0.958333333333","95.8333333333%","C","true","/23-24-as-a-percent-and-decimal","/what-is-equivalent-to-23-24-fraction"
"/what-is-equivalent-to-25-24-fraction","Equivalent Fractions","25","24","25/24","1.04166666667","104.166666667%","C","true","/what-is-equivalent-to-25-24-fraction","/25-24-as-a-percent-and-decimal"
"/25-24-as-a-percent-and-decimal","Percent and Decimal","25","24","25/24","1.04166666667","104.166666667%","C","true","/25-24-as-a-percent-and-decimal","/what-is-equivalent-to-25-24-fraction"
"/what-is-equivalent-to-26-24-fraction","Equivalent Fractions","26","24","13/12","1.08333333333","108.333333333%","C","true","/what-is-equivalent-to-26-24-fraction","/26-24-as-a-percent-and-decimal"
"/26-24-as-a-percent-and-decimal","Percent and Decimal","26","24","13/12","1.08333333333","108.333333333%","C","true","/26-24-as-a-percent-and-decimal","/what-is-equivalent-to-26-24-fraction"
"/what-is-equivalent-to-27-24-fraction","Equivalent Fractions","27","24","9/8","1.125","112.5%","B","true","/what-is-equivalent-to-27-24-fraction","/27-24-as-a-percent-and-decimal"
"/27-24-as-a-percent-and-decimal","Percent and Decimal","27","24","9/8","1.125","112.5%","B","true","/27-24-as-a-percent-and-decimal","/what-is-equivalent-to-27-24-fraction"
"/what-is-equivalent-to-33-24-fraction","Equivalent Fractions","33","24","11/8","1.375","137.5%","B","true","/what-is-equivalent-to-33-24-fraction","/33-24-as-a-percent-and-decimal"
"/33-24-as-a-percent-and-decimal","Percent and Decimal","33","24","11/8","1.375","137.5%","B","true","/33-24-as-a-percent-and-decimal","/what-is-equivalent-to-33-24-fraction"
"/what-is-equivalent-to-34-24-fraction","Equivalent Fractions","34","24","17/12","1.41666666667","141.666666667%","C","true","/what-is-equivalent-to-34-24-fraction","/34-24-as-a-percent-and-decimal"
"/34-24-as-a-percent-and-decimal","Percent and Decimal","34","24","17/12","1.41666666667","141.666666667%","C","true","/34-24-as-a-percent-and-decimal","/what-is-equivalent-to-34-24-fraction"
"/what-is-equivalent-to-38-24-fraction","Equivalent Fractions","38","24","19/12","1.58333333333","158.333333333%","C","true","/what-is-equivalent-to-38-24-fraction","/38-24-as-a-percent-and-decimal"
"/38-24-as-a-percent-and-decimal","Percent and Decimal","38","24","19/12","1.58333333333","158.333333333%","C","true","/38-24-as-a-percent-and-decimal","/what-is-equivalent-to-38-24-fraction"
"/what-is-equivalent-to-39-24-fraction","Equivalent Fractions","39","24","13/8","1.625","162.5%","B","true","/what-is-equivalent-to-39-24-fraction","/39-24-as-a-percent-and-decimal"
"/39-24-as-a-percent-and-decimal","Percent and Decimal","39","24","13/8","1.625","162.5%","B","true","/39-24-as-a-percent-and-decimal","/what-is-equivalent-to-39-24-fraction"
"/what-is-equivalent-to-45-24-fraction","Equivalent Fractions","45","24","15/8","1.875","187.5%","B","true","/what-is-equivalent-to-45-24-fraction","/45-24-as-a-percent-and-decimal"
"/45-24-as-a-percent-and-decimal","Percent and Decimal","45","24","15/8","1.875","187.5%","B","true","/45-24-as-a-percent-and-decimal","/what-is-equivalent-to-45-24-fraction"
"/what-is-equivalent-to-46-24-fraction","Equivalent Fractions","46","24","23/12","1.91666666667","191.666666667%","C","true","/what-is-equivalent-to-46-24-fraction","/46-24-as-a-percent-and-decimal"
"/46-24-as-a-percent-and-decimal","Percent and Decimal","46","24","23/12","1.91666666667","191.666666667%","C","true","/46-24-as-a-percent-and-decimal","/what-is-equivalent-to-46-24-fraction"
"/what-is-equivalent-to-1-25-fraction","Equivalent Fractions","1","25","1/25","0.04","4%","A","true","/what-is-equivalent-to-1-25-fraction","/1-25-as-a-percent-and-decimal"
"/1-25-as-a-percent-and-decimal","Percent and Decimal","1","25","1/25","0.04","4%","A","true","/1-25-as-a-percent-and-decimal","/what-is-equivalent-to-1-25-fraction"
"/what-is-equivalent-to-2-25-fraction","Equivalent Fractions","2","25","2/25","0.08","8%","A","true","/what-is-equivalent-to-2-25-fraction","/2-25-as-a-percent-and-decimal"
"/2-25-as-a-percent-and-decimal","Percent and Decimal","2","25","2/25","0.08","8%","A","true","/2-25-as-a-percent-and-decimal","/what-is-equivalent-to-2-25-fraction"
"/what-is-equivalent-to-3-25-fraction","Equivalent Fractions","3","25","3/25","0.12","12%","A","true","/what-is-equivalent-to-3-25-fraction","/3-25-as-a-percent-and-decimal"
"/3-25-as-a-percent-and-decimal","Percent and Decimal","3","25","3/25","0.12","12%","A","true","/3-25-as-a-percent-and-decimal","/what-is-equivalent-to-3-25-fraction"
"/what-is-equivalent-to-4-25-fraction","Equivalent Fractions","4","25","4/25","0.16","16%","A","true","/what-is-equivalent-to-4-25-fraction","/4-25-as-a-percent-and-decimal"
"/4-25-as-a-percent-and-decimal","Percent and Decimal","4","25","4/25","0.16","16%","A","true","/4-25-as-a-percent-and-decimal","/what-is-equivalent-to-4-25-fraction"
"/what-is-equivalent-to-6-25-fraction","Equivalent Fractions","6","25","6/25","0.24","24%","A","true","/what-is-equivalent-to-6-25-fraction","/6-25-as-a-percent-and-decimal"
"/6-25-as-a-percent-and-decimal","Percent and Decimal","6","25","6/25","0.24","24%","A","true","/6-25-as-a-percent-and-decimal","/what-is-equivalent-to-6-25-fraction"
"/what-is-equivalent-to-7-25-fraction","Equivalent Fractions","7","25","7/25","0.28","28%","B","true","/what-is-equivalent-to-7-25-fraction","/7-25-as-a-percent-and-decimal"
"/7-25-as-a-percent-and-decimal","Percent and Decimal","7","25","7/25","0.28","28%","B","true","/7-25-as-a-percent-and-decimal","/what-is-equivalent-to-7-25-fraction"
"/what-is-equivalent-to-8-25-fraction","Equivalent Fractions","8","25","8/25","0.32","32%","A","true","/what-is-equivalent-to-8-25-fraction","/8-25-as-a-percent-and-decimal"
"/8-25-as-a-percent-and-decimal","Percent and Decimal","8","25","8/25","0.32","32%","A","true","/8-25-as-a-percent-and-decimal","/what-is-equivalent-to-8-25-fraction"
"/what-is-equivalent-to-9-25-fraction","Equivalent Fractions","9","25","9/25","0.36","36%","A","true","/what-is-equivalent-to-9-25-fraction","/9-25-as-a-percent-and-decimal"
"/9-25-as-a-percent-and-decimal","Percent and Decimal","9","25","9/25","0.36","36%","A","true","/9-25-as-a-percent-and-decimal","/what-is-equivalent-to-9-25-fraction"
"/what-is-equivalent-to-10-25-fraction","Equivalent Fractions","10","25","2/5","0.4","40%","A","true","/what-is-equivalent-to-10-25-fraction","/10-25-as-a-percent-and-decimal"
"/10-25-as-a-percent-and-decimal","Percent and Decimal","10","25","2/5","0.4","40%","A","true","/10-25-as-a-percent-and-decimal","/what-is-equivalent-to-10-25-fraction"
"/what-is-equivalent-to-11-25-fraction","Equivalent Fractions","11","25","11/25","0.44","44%","A","true","/what-is-equivalent-to-11-25-fraction","/11-25-as-a-percent-and-decimal"
"/11-25-as-a-percent-and-decimal","Percent and Decimal","11","25","11/25","0.44","44%","A","true","/11-25-as-a-percent-and-decimal","/what-is-equivalent-to-11-25-fraction"
"/what-is-equivalent-to-12-25-fraction","Equivalent Fractions","12","25","12/25","0.48","48%","A","true","/what-is-equivalent-to-12-25-fraction","/12-25-as-a-percent-and-decimal"
"/12-25-as-a-percent-and-decimal","Percent and Decimal","12","25","12/25","0.48","48%","A","true","/12-25-as-a-percent-and-decimal","/what-is-equivalent-to-12-25-fraction"
"/what-is-equivalent-to-13-25-fraction","Equivalent Fractions","13","25","13/25","0.52","52%","A","true","/what-is-equivalent-to-13-25-fraction","/13-25-as-a-percent-and-decimal"
"/13-25-as-a-percent-and-decimal","Percent and Decimal","13","25","13/25","0.52","52%","A","true","/13-25-as-a-percent-and-decimal","/what-is-equivalent-to-13-25-fraction"
"/what-is-equivalent-to-14-25-fraction","Equivalent Fractions","14","25","14/25","0.56","56%","B","true","/what-is-equivalent-to-14-25-fraction","/14-25-as-a-percent-and-decimal"
"/14-25-as-a-percent-and-decimal","Percent and Decimal","14","25","14/25","0.56","56%","B","true","/14-25-as-a-percent-and-decimal","/what-is-equivalent-to-14-25-fraction"
"/what-is-equivalent-to-16-25-fraction","Equivalent Fractions","16","25","16/25","0.64","64%","A","true","/what-is-equivalent-to-16-25-fraction","/16-25-as-a-percent-and-decimal"
"/16-25-as-a-percent-and-decimal","Percent and Decimal","16","25","16/25","0.64","64%","A","true","/16-25-as-a-percent-and-decimal","/what-is-equivalent-to-16-25-fraction"
"/what-is-equivalent-to-17-25-fraction","Equivalent Fractions","17","25","17/25","0.68","68%","A","true","/what-is-equivalent-to-17-25-fraction","/17-25-as-a-percent-and-decimal"
"/17-25-as-a-percent-and-decimal","Percent and Decimal","17","25","17/25","0.68","68%","A","true","/17-25-as-a-percent-and-decimal","/what-is-equivalent-to-17-25-fraction"
"/what-is-equivalent-to-18-25-fraction","Equivalent Fractions","18","25","18/25","0.72","72%","A","true","/what-is-equivalent-to-18-25-fraction","/18-25-as-a-percent-and-decimal"
"/18-25-as-a-percent-and-decimal","Percent and Decimal","18","25","18/25","0.72","72%","A","true","/18-25-as-a-percent-and-decimal","/what-is-equivalent-to-18-25-fraction"
"/what-is-equivalent-to-19-25-fraction","Equivalent Fractions","19","25","19/25","0.76","76%","A","true","/what-is-equivalent-to-19-25-fraction","/19-25-as-a-percent-and-decimal"
"/19-25-as-a-percent-and-decimal","Percent and Decimal","19","25","19/25","0.76","76%","A","true","/19-25-as-a-percent-and-decimal","/what-is-equivalent-to-19-25-fraction"
"/what-is-equivalent-to-21-25-fraction","Equivalent Fractions","21","25","21/25","0.84","84%","A","true","/what-is-equivalent-to-21-25-fraction","/21-25-as-a-percent-and-decimal"
"/21-25-as-a-percent-and-decimal","Percent and Decimal","21","25","21/25","0.84","84%","A","true","/21-25-as-a-percent-and-decimal","/what-is-equivalent-to-21-25-fraction"
"/what-is-equivalent-to-22-25-fraction","Equivalent Fractions","22","25","22/25","0.88","88%","A","true","/what-is-equivalent-to-22-25-fraction","/22-25-as-a-percent-and-decimal"
"/22-25-as-a-percent-and-decimal","Percent and Decimal","22","25","22/25","0.88","88%","A","true","/22-25-as-a-percent-and-decimal","/what-is-equivalent-to-22-25-fraction"
"/what-is-equivalent-to-23-25-fraction","Equivalent Fractions","23","25","23/25","0.92","92%","A","true","/what-is-equivalent-to-23-25-fraction","/23-25-as-a-percent-and-decimal"
"/23-25-as-a-percent-and-decimal","Percent and Decimal","23","25","23/25","0.92","92%","A","true","/23-25-as-a-percent-and-decimal","/what-is-equivalent-to-23-25-fraction"
"/what-is-equivalent-to-24-25-fraction","Equivalent Fractions","24","25","24/25","0.96","96%","A","true","/what-is-equivalent-to-24-25-fraction","/24-25-as-a-percent-and-decimal"
"/24-25-as-a-percent-and-decimal","Percent and Decimal","24","25","24/25","0.96","96%","A","true","/24-25-as-a-percent-and-decimal","/what-is-equivalent-to-24-25-fraction"
"/what-is-equivalent-to-26-25-fraction","Equivalent Fractions","26","25","26/25","1.04","104%","B","true","/what-is-equivalent-to-26-25-fraction","/26-25-as-a-percent-and-decimal"
"/26-25-as-a-percent-and-decimal","Percent and Decimal","26","25","26/25","1.04","104%","B","true","/26-25-as-a-percent-and-decimal","/what-is-equivalent-to-26-25-fraction"
"/what-is-equivalent-to-27-25-fraction","Equivalent Fractions","27","25","27/25","1.08","108%","B","true","/what-is-equivalent-to-27-25-fraction","/27-25-as-a-percent-and-decimal"
"/27-25-as-a-percent-and-decimal","Percent and Decimal","27","25","27/25","1.08","108%","B","true","/27-25-as-a-percent-and-decimal","/what-is-equivalent-to-27-25-fraction"
"/what-is-equivalent-to-28-25-fraction","Equivalent Fractions","28","25","28/25","1.12","112%","C","true","/what-is-equivalent-to-28-25-fraction","/28-25-as-a-percent-and-decimal"
"/28-25-as-a-percent-and-decimal","Percent and Decimal","28","25","28/25","1.12","112%","C","true","/28-25-as-a-percent-and-decimal","/what-is-equivalent-to-28-25-fraction"
"/what-is-equivalent-to-29-25-fraction","Equivalent Fractions","29","25","29/25","1.16","116%","C","true","/what-is-equivalent-to-29-25-fraction","/29-25-as-a-percent-and-decimal"
"/29-25-as-a-percent-and-decimal","Percent and Decimal","29","25","29/25","1.16","116%","C","true","/29-25-as-a-percent-and-decimal","/what-is-equivalent-to-29-25-fraction"
"/what-is-equivalent-to-31-25-fraction","Equivalent Fractions","31","25","31/25","1.24","124%","B","true","/what-is-equivalent-to-31-25-fraction","/31-25-as-a-percent-and-decimal"
"/31-25-as-a-percent-and-decimal","Percent and Decimal","31","25","31/25","1.24","124%","B","true","/31-25-as-a-percent-and-decimal","/what-is-equivalent-to-31-25-fraction"
"/what-is-equivalent-to-32-25-fraction","Equivalent Fractions","32","25","32/25","1.28","128%","B","true","/what-is-equivalent-to-32-25-fraction","/32-25-as-a-percent-and-decimal"
"/32-25-as-a-percent-and-decimal","Percent and Decimal","32","25","32/25","1.28","128%","B","true","/32-25-as-a-percent-and-decimal","/what-is-equivalent-to-32-25-fraction"
"/what-is-equivalent-to-33-25-fraction","Equivalent Fractions","33","25","33/25","1.32","132%","B","true","/what-is-equivalent-to-33-25-fraction","/33-25-as-a-percent-and-decimal"
"/33-25-as-a-percent-and-decimal","Percent and Decimal","33","25","33/25","1.32","132%","B","true","/33-25-as-a-percent-and-decimal","/what-is-equivalent-to-33-25-fraction"
"/what-is-equivalent-to-34-25-fraction","Equivalent Fractions","34","25","34/25","1.36","136%","B","true","/what-is-equivalent-to-34-25-fraction","/34-25-as-a-percent-and-decimal"
"/34-25-as-a-percent-and-decimal","Percent and Decimal","34","25","34/25","1.36","136%","B","true","/34-25-as-a-percent-and-decimal","/what-is-equivalent-to-34-25-fraction"
"/what-is-equivalent-to-36-25-fraction","Equivalent Fractions","36","25","36/25","1.44","144%","B","true","/what-is-equivalent-to-36-25-fraction","/36-25-as-a-percent-and-decimal"
"/36-25-as-a-percent-and-decimal","Percent and Decimal","36","25","36/25","1.44","144%","B","true","/36-25-as-a-percent-and-decimal","/what-is-equivalent-to-36-25-fraction"
"/what-is-equivalent-to-37-25-fraction","Equivalent Fractions","37","25","37/25","1.48","148%","B","true","/what-is-equivalent-to-37-25-fraction","/37-25-as-a-percent-and-decimal"
"/37-25-as-a-percent-and-decimal","Percent and Decimal","37","25","37/25","1.48","148%","B","true","/37-25-as-a-percent-and-decimal","/what-is-equivalent-to-37-25-fraction"
"/what-is-equivalent-to-38-25-fraction","Equivalent Fractions","38","25","38/25","1.52","152%","B","true","/what-is-equivalent-to-38-25-fraction","/38-25-as-a-percent-and-decimal"
"/38-25-as-a-percent-and-decimal","Percent and Decimal","38","25","38/25","1.52","152%","B","true","/38-25-as-a-percent-and-decimal","/what-is-equivalent-to-38-25-fraction"
"/what-is-equivalent-to-39-25-fraction","Equivalent Fractions","39","25","39/25","1.56","156%","B","true","/what-is-equivalent-to-39-25-fraction","/39-25-as-a-percent-and-decimal"
"/39-25-as-a-percent-and-decimal","Percent and Decimal","39","25","39/25","1.56","156%","B","true","/39-25-as-a-percent-and-decimal","/what-is-equivalent-to-39-25-fraction"
"/what-is-equivalent-to-41-25-fraction","Equivalent Fractions","41","25","41/25","1.64","164%","B","true","/what-is-equivalent-to-41-25-fraction","/41-25-as-a-percent-and-decimal"
"/41-25-as-a-percent-and-decimal","Percent and Decimal","41","25","41/25","1.64","164%","B","true","/41-25-as-a-percent-and-decimal","/what-is-equivalent-to-41-25-fraction"
"/what-is-equivalent-to-42-25-fraction","Equivalent Fractions","42","25","42/25","1.68","168%","B","true","/what-is-equivalent-to-42-25-fraction","/42-25-as-a-percent-and-decimal"
"/42-25-as-a-percent-and-decimal","Percent and Decimal","42","25","42/25","1.68","168%","B","true","/42-25-as-a-percent-and-decimal","/what-is-equivalent-to-42-25-fraction"
"/what-is-equivalent-to-43-25-fraction","Equivalent Fractions","43","25","43/25","1.72","172%","B","true","/what-is-equivalent-to-43-25-fraction","/43-25-as-a-percent-and-decimal"
"/43-25-as-a-percent-and-decimal","Percent and Decimal","43","25","43/25","1.72","172%","B","true","/43-25-as-a-percent-and-decimal","/what-is-equivalent-to-43-25-fraction"
"/what-is-equivalent-to-44-25-fraction","Equivalent Fractions","44","25","44/25","1.76","176%","B","true","/what-is-equivalent-to-44-25-fraction","/44-25-as-a-percent-and-decimal"
"/44-25-as-a-percent-and-decimal","Percent and Decimal","44","25","44/25","1.76","176%","B","true","/44-25-as-a-percent-and-decimal","/what-is-equivalent-to-44-25-fraction"
"/what-is-equivalent-to-46-25-fraction","Equivalent Fractions","46","25","46/25","1.84","184%","B","true","/what-is-equivalent-to-46-25-fraction","/46-25-as-a-percent-and-decimal"
"/46-25-as-a-percent-and-decimal","Percent and Decimal","46","25","46/25","1.84","184%","B","true","/46-25-as-a-percent-and-decimal","/what-is-equivalent-to-46-25-fraction"
"/what-is-equivalent-to-47-25-fraction","Equivalent Fractions","47","25","47/25","1.88","188%","B","true","/what-is-equivalent-to-47-25-fraction","/47-25-as-a-percent-and-decimal"
"/47-25-as-a-percent-and-decimal","Percent and Decimal","47","25","47/25","1.88","188%","B","true","/47-25-as-a-percent-and-decimal","/what-is-equivalent-to-47-25-fraction"
"/what-is-equivalent-to-48-25-fraction","Equivalent Fractions","48","25","48/25","1.92","192%","B","true","/what-is-equivalent-to-48-25-fraction","/48-25-as-a-percent-and-decimal"
"/48-25-as-a-percent-and-decimal","Percent and Decimal","48","25","48/25","1.92","192%","B","true","/48-25-as-a-percent-and-decimal","/what-is-equivalent-to-48-25-fraction"
"/what-is-equivalent-to-49-25-fraction","Equivalent Fractions","49","25","49/25","1.96","196%","B","true","/what-is-equivalent-to-49-25-fraction","/49-25-as-a-percent-and-decimal"
"/49-25-as-a-percent-and-decimal","Percent and Decimal","49","25","49/25","1.96","196%","B","true","/49-25-as-a-percent-and-decimal","/what-is-equivalent-to-49-25-fraction"
"/what-is-equivalent-to-1-26-fraction","Equivalent Fractions","1","26","1/26","0.0384615384615","3.84615384615%","C","true","/what-is-equivalent-to-1-26-fraction","/1-26-as-a-percent-and-decimal"
"/1-26-as-a-percent-and-decimal","Percent and Decimal","1","26","1/26","0.0384615384615","3.84615384615%","C","true","/1-26-as-a-percent-and-decimal","/what-is-equivalent-to-1-26-fraction"
"/what-is-equivalent-to-2-26-fraction","Equivalent Fractions","2","26","1/13","0.0769230769231","7.69230769231%","C","true","/what-is-equivalent-to-2-26-fraction","/2-26-as-a-percent-and-decimal"
"/2-26-as-a-percent-and-decimal","Percent and Decimal","2","26","1/13","0.0769230769231","7.69230769231%","C","true","/2-26-as-a-percent-and-decimal","/what-is-equivalent-to-2-26-fraction"
"/what-is-equivalent-to-3-26-fraction","Equivalent Fractions","3","26","3/26","0.115384615385","11.5384615385%","C","true","/what-is-equivalent-to-3-26-fraction","/3-26-as-a-percent-and-decimal"
"/3-26-as-a-percent-and-decimal","Percent and Decimal","3","26","3/26","0.115384615385","11.5384615385%","C","true","/3-26-as-a-percent-and-decimal","/what-is-equivalent-to-3-26-fraction"
"/what-is-equivalent-to-4-26-fraction","Equivalent Fractions","4","26","2/13","0.153846153846","15.3846153846%","C","true","/what-is-equivalent-to-4-26-fraction","/4-26-as-a-percent-and-decimal"
"/4-26-as-a-percent-and-decimal","Percent and Decimal","4","26","2/13","0.153846153846","15.3846153846%","C","true","/4-26-as-a-percent-and-decimal","/what-is-equivalent-to-4-26-fraction"
"/what-is-equivalent-to-5-26-fraction","Equivalent Fractions","5","26","5/26","0.192307692308","19.2307692308%","C","true","/what-is-equivalent-to-5-26-fraction","/5-26-as-a-percent-and-decimal"
"/5-26-as-a-percent-and-decimal","Percent and Decimal","5","26","5/26","0.192307692308","19.2307692308%","C","true","/5-26-as-a-percent-and-decimal","/what-is-equivalent-to-5-26-fraction"
"/what-is-equivalent-to-6-26-fraction","Equivalent Fractions","6","26","3/13","0.230769230769","23.0769230769%","C","true","/what-is-equivalent-to-6-26-fraction","/6-26-as-a-percent-and-decimal"
"/6-26-as-a-percent-and-decimal","Percent and Decimal","6","26","3/13","0.230769230769","23.0769230769%","C","true","/6-26-as-a-percent-and-decimal","/what-is-equivalent-to-6-26-fraction"
"/what-is-equivalent-to-7-26-fraction","Equivalent Fractions","7","26","7/26","0.269230769231","26.9230769231%","C","true","/what-is-equivalent-to-7-26-fraction","/7-26-as-a-percent-and-decimal"
"/7-26-as-a-percent-and-decimal","Percent and Decimal","7","26","7/26","0.269230769231","26.9230769231%","C","true","/7-26-as-a-percent-and-decimal","/what-is-equivalent-to-7-26-fraction"
"/what-is-equivalent-to-8-26-fraction","Equivalent Fractions","8","26","4/13","0.307692307692","30.7692307692%","C","true","/what-is-equivalent-to-8-26-fraction","/8-26-as-a-percent-and-decimal"
"/8-26-as-a-percent-and-decimal","Percent and Decimal","8","26","4/13","0.307692307692","30.7692307692%","C","true","/8-26-as-a-percent-and-decimal","/what-is-equivalent-to-8-26-fraction"
"/what-is-equivalent-to-9-26-fraction","Equivalent Fractions","9","26","9/26","0.346153846154","34.6153846154%","C","true","/what-is-equivalent-to-9-26-fraction","/9-26-as-a-percent-and-decimal"
"/9-26-as-a-percent-and-decimal","Percent and Decimal","9","26","9/26","0.346153846154","34.6153846154%","C","true","/9-26-as-a-percent-and-decimal","/what-is-equivalent-to-9-26-fraction"
"/what-is-equivalent-to-10-26-fraction","Equivalent Fractions","10","26","5/13","0.384615384615","38.4615384615%","C","true","/what-is-equivalent-to-10-26-fraction","/10-26-as-a-percent-and-decimal"
"/10-26-as-a-percent-and-decimal","Percent and Decimal","10","26","5/13","0.384615384615","38.4615384615%","C","true","/10-26-as-a-percent-and-decimal","/what-is-equivalent-to-10-26-fraction"
"/what-is-equivalent-to-11-26-fraction","Equivalent Fractions","11","26","11/26","0.423076923077","42.3076923077%","C","true","/what-is-equivalent-to-11-26-fraction","/11-26-as-a-percent-and-decimal"
"/11-26-as-a-percent-and-decimal","Percent and Decimal","11","26","11/26","0.423076923077","42.3076923077%","C","true","/11-26-as-a-percent-and-decimal","/what-is-equivalent-to-11-26-fraction"
"/what-is-equivalent-to-12-26-fraction","Equivalent Fractions","12","26","6/13","0.461538461538","46.1538461538%","C","true","/what-is-equivalent-to-12-26-fraction","/12-26-as-a-percent-and-decimal"
"/12-26-as-a-percent-and-decimal","Percent and Decimal","12","26","6/13","0.461538461538","46.1538461538%","C","true","/12-26-as-a-percent-and-decimal","/what-is-equivalent-to-12-26-fraction"
"/what-is-equivalent-to-1-27-fraction","Equivalent Fractions","1","27","1/27","0.037037037037","3.7037037037%","C","true","/what-is-equivalent-to-1-27-fraction","/1-27-as-a-percent-and-decimal"
"/1-27-as-a-percent-and-decimal","Percent and Decimal","1","27","1/27","0.037037037037","3.7037037037%","C","true","/1-27-as-a-percent-and-decimal","/what-is-equivalent-to-1-27-fraction"
"/what-is-equivalent-to-2-27-fraction","Equivalent Fractions","2","27","2/27","0.0740740740741","7.40740740741%","C","true","/what-is-equivalent-to-2-27-fraction","/2-27-as-a-percent-and-decimal"
"/2-27-as-a-percent-and-decimal","Percent and Decimal","2","27","2/27","0.0740740740741","7.40740740741%","C","true","/2-27-as-a-percent-and-decimal","/what-is-equivalent-to-2-27-fraction"
"/what-is-equivalent-to-3-27-fraction","Equivalent Fractions","3","27","1/9","0.111111111111","11.1111111111%","C","true","/what-is-equivalent-to-3-27-fraction","/3-27-as-a-percent-and-decimal"
"/3-27-as-a-percent-and-decimal","Percent and Decimal","3","27","1/9","0.111111111111","11.1111111111%","C","true","/3-27-as-a-percent-and-decimal","/what-is-equivalent-to-3-27-fraction"
"/what-is-equivalent-to-4-27-fraction","Equivalent Fractions","4","27","4/27","0.148148148148","14.8148148148%","C","true","/what-is-equivalent-to-4-27-fraction","/4-27-as-a-percent-and-decimal"
"/4-27-as-a-percent-and-decimal","Percent and Decimal","4","27","4/27","0.148148148148","14.8148148148%","C","true","/4-27-as-a-percent-and-decimal","/what-is-equivalent-to-4-27-fraction"
"/what-is-equivalent-to-5-27-fraction","Equivalent Fractions","5","27","5/27","0.185185185185","18.5185185185%","C","true","/what-is-equivalent-to-5-27-fraction","/5-27-as-a-percent-and-decimal"
"/5-27-as-a-percent-and-decimal","Percent and Decimal","5","27","5/27","0.185185185185","18.5185185185%","C","true","/5-27-as-a-percent-and-decimal","/what-is-equivalent-to-5-27-fraction"
"/what-is-equivalent-to-6-27-fraction","Equivalent Fractions","6","27","2/9","0.222222222222","22.2222222222%","C","true","/what-is-equivalent-to-6-27-fraction","/6-27-as-a-percent-and-decimal"
"/6-27-as-a-percent-and-decimal","Percent and Decimal","6","27","2/9","0.222222222222","22.2222222222%","C","true","/6-27-as-a-percent-and-decimal","/what-is-equivalent-to-6-27-fraction"
"/what-is-equivalent-to-7-27-fraction","Equivalent Fractions","7","27","7/27","0.259259259259","25.9259259259%","C","true","/what-is-equivalent-to-7-27-fraction","/7-27-as-a-percent-and-decimal"
"/7-27-as-a-percent-and-decimal","Percent and Decimal","7","27","7/27","0.259259259259","25.9259259259%","C","true","/7-27-as-a-percent-and-decimal","/what-is-equivalent-to-7-27-fraction"
"/what-is-equivalent-to-8-27-fraction","Equivalent Fractions","8","27","8/27","0.296296296296","29.6296296296%","C","true","/what-is-equivalent-to-8-27-fraction","/8-27-as-a-percent-and-decimal"
"/8-27-as-a-percent-and-decimal","Percent and Decimal","8","27","8/27","0.296296296296","29.6296296296%","C","true","/8-27-as-a-percent-and-decimal","/what-is-equivalent-to-8-27-fraction"
"/what-is-equivalent-to-10-27-fraction","Equivalent Fractions","10","27","10/27","0.37037037037","37.037037037%","C","true","/what-is-equivalent-to-10-27-fraction","/10-27-as-a-percent-and-decimal"
"/10-27-as-a-percent-and-decimal","Percent and Decimal","10","27","10/27","0.37037037037","37.037037037%","C","true","/10-27-as-a-percent-and-decimal","/what-is-equivalent-to-10-27-fraction"
"/what-is-equivalent-to-11-27-fraction","Equivalent Fractions","11","27","11/27","0.407407407407","40.7407407407%","C","true","/what-is-equivalent-to-11-27-fraction","/11-27-as-a-percent-and-decimal"
"/11-27-as-a-percent-and-decimal","Percent and Decimal","11","27","11/27","0.407407407407","40.7407407407%","C","true","/11-27-as-a-percent-and-decimal","/what-is-equivalent-to-11-27-fraction"
"/what-is-equivalent-to-12-27-fraction","Equivalent Fractions","12","27","4/9","0.444444444444","44.4444444444%","C","true","/what-is-equivalent-to-12-27-fraction","/12-27-as-a-percent-and-decimal"
"/12-27-as-a-percent-and-decimal","Percent and Decimal","12","27","4/9","0.444444444444","44.4444444444%","C","true","/12-27-as-a-percent-and-decimal","/what-is-equivalent-to-12-27-fraction"
"/what-is-equivalent-to-1-28-fraction","Equivalent Fractions","1","28","1/28","0.0357142857143","3.57142857143%","C","true","/what-is-equivalent-to-1-28-fraction","/1-28-as-a-percent-and-decimal"
"/1-28-as-a-percent-and-decimal","Percent and Decimal","1","28","1/28","0.0357142857143","3.57142857143%","C","true","/1-28-as-a-percent-and-decimal","/what-is-equivalent-to-1-28-fraction"
"/what-is-equivalent-to-2-28-fraction","Equivalent Fractions","2","28","1/14","0.0714285714286","7.14285714286%","C","true","/what-is-equivalent-to-2-28-fraction","/2-28-as-a-percent-and-decimal"
"/2-28-as-a-percent-and-decimal","Percent and Decimal","2","28","1/14","0.0714285714286","7.14285714286%","C","true","/2-28-as-a-percent-and-decimal","/what-is-equivalent-to-2-28-fraction"
"/what-is-equivalent-to-3-28-fraction","Equivalent Fractions","3","28","3/28","0.107142857143","10.7142857143%","C","true","/what-is-equivalent-to-3-28-fraction","/3-28-as-a-percent-and-decimal"
"/3-28-as-a-percent-and-decimal","Percent and Decimal","3","28","3/28","0.107142857143","10.7142857143%","C","true","/3-28-as-a-percent-and-decimal","/what-is-equivalent-to-3-28-fraction"
"/what-is-equivalent-to-5-28-fraction","Equivalent Fractions","5","28","5/28","0.178571428571","17.8571428571%","C","true","/what-is-equivalent-to-5-28-fraction","/5-28-as-a-percent-and-decimal"
"/5-28-as-a-percent-and-decimal","Percent and Decimal","5","28","5/28","0.178571428571","17.8571428571%","C","true","/5-28-as-a-percent-and-decimal","/what-is-equivalent-to-5-28-fraction"
"/what-is-equivalent-to-6-28-fraction","Equivalent Fractions","6","28","3/14","0.214285714286","21.4285714286%","C","true","/what-is-equivalent-to-6-28-fraction","/6-28-as-a-percent-and-decimal"
"/6-28-as-a-percent-and-decimal","Percent and Decimal","6","28","3/14","0.214285714286","21.4285714286%","C","true","/6-28-as-a-percent-and-decimal","/what-is-equivalent-to-6-28-fraction"
"/what-is-equivalent-to-9-28-fraction","Equivalent Fractions","9","28","9/28","0.321428571429","32.1428571429%","C","true","/what-is-equivalent-to-9-28-fraction","/9-28-as-a-percent-and-decimal"
"/9-28-as-a-percent-and-decimal","Percent and Decimal","9","28","9/28","0.321428571429","32.1428571429%","C","true","/9-28-as-a-percent-and-decimal","/what-is-equivalent-to-9-28-fraction"
"/what-is-equivalent-to-10-28-fraction","Equivalent Fractions","10","28","5/14","0.357142857143","35.7142857143%","C","true","/what-is-equivalent-to-10-28-fraction","/10-28-as-a-percent-and-decimal"
"/10-28-as-a-percent-and-decimal","Percent and Decimal","10","28","5/14","0.357142857143","35.7142857143%","C","true","/10-28-as-a-percent-and-decimal","/what-is-equivalent-to-10-28-fraction"
"/what-is-equivalent-to-11-28-fraction","Equivalent Fractions","11","28","11/28","0.392857142857","39.2857142857%","C","true","/what-is-equivalent-to-11-28-fraction","/11-28-as-a-percent-and-decimal"
"/11-28-as-a-percent-and-decimal","Percent and Decimal","11","28","11/28","0.392857142857","39.2857142857%","C","true","/11-28-as-a-percent-and-decimal","/what-is-equivalent-to-11-28-fraction"
"/what-is-equivalent-to-1-29-fraction","Equivalent Fractions","1","29","1/29","0.0344827586207","3.44827586207%","C","true","/what-is-equivalent-to-1-29-fraction","/1-29-as-a-percent-and-decimal"
"/1-29-as-a-percent-and-decimal","Percent and Decimal","1","29","1/29","0.0344827586207","3.44827586207%","C","true","/1-29-as-a-percent-and-decimal","/what-is-equivalent-to-1-29-fraction"
"/what-is-equivalent-to-2-29-fraction","Equivalent Fractions","2","29","2/29","0.0689655172414","6.89655172414%","C","true","/what-is-equivalent-to-2-29-fraction","/2-29-as-a-percent-and-decimal"
"/2-29-as-a-percent-and-decimal","Percent and Decimal","2","29","2/29","0.0689655172414","6.89655172414%","C","true","/2-29-as-a-percent-and-decimal","/what-is-equivalent-to-2-29-fraction"
"/what-is-equivalent-to-3-29-fraction","Equivalent Fractions","3","29","3/29","0.103448275862","10.3448275862%","C","true","/what-is-equivalent-to-3-29-fraction","/3-29-as-a-percent-and-decimal"
"/3-29-as-a-percent-and-decimal","Percent and Decimal","3","29","3/29","0.103448275862","10.3448275862%","C","true","/3-29-as-a-percent-and-decimal","/what-is-equivalent-to-3-29-fraction"
"/what-is-equivalent-to-4-29-fraction","Equivalent Fractions","4","29","4/29","0.137931034483","13.7931034483%","C","true","/what-is-equivalent-to-4-29-fraction","/4-29-as-a-percent-and-decimal"
"/4-29-as-a-percent-and-decimal","Percent and Decimal","4","29","4/29","0.137931034483","13.7931034483%","C","true","/4-29-as-a-percent-and-decimal","/what-is-equivalent-to-4-29-fraction"
"/what-is-equivalent-to-5-29-fraction","Equivalent Fractions","5","29","5/29","0.172413793103","17.2413793103%","C","true","/what-is-equivalent-to-5-29-fraction","/5-29-as-a-percent-and-decimal"
"/5-29-as-a-percent-and-decimal","Percent and Decimal","5","29","5/29","0.172413793103","17.2413793103%","C","true","/5-29-as-a-percent-and-decimal","/what-is-equivalent-to-5-29-fraction"
"/what-is-equivalent-to-6-29-fraction","Equivalent Fractions","6","29","6/29","0.206896551724","20.6896551724%","C","true","/what-is-equivalent-to-6-29-fraction","/6-29-as-a-percent-and-decimal"
"/6-29-as-a-percent-and-decimal","Percent and Decimal","6","29","6/29","0.206896551724","20.6896551724%","C","true","/6-29-as-a-percent-and-decimal","/what-is-equivalent-to-6-29-fraction"
"/what-is-equivalent-to-7-29-fraction","Equivalent Fractions","7","29","7/29","0.241379310345","24.1379310345%","C","true","/what-is-equivalent-to-7-29-fraction","/7-29-as-a-percent-and-decimal"
"/7-29-as-a-percent-and-decimal","Percent and Decimal","7","29","7/29","0.241379310345","24.1379310345%","C","true","/7-29-as-a-percent-and-decimal","/what-is-equivalent-to-7-29-fraction"
"/what-is-equivalent-to-8-29-fraction","Equivalent Fractions","8","29","8/29","0.275862068966","27.5862068966%","C","true","/what-is-equivalent-to-8-29-fraction","/8-29-as-a-percent-and-decimal"
"/8-29-as-a-percent-and-decimal","Percent and Decimal","8","29","8/29","0.275862068966","27.5862068966%","C","true","/8-29-as-a-percent-and-decimal","/what-is-equivalent-to-8-29-fraction"
"/what-is-equivalent-to-9-29-fraction","Equivalent Fractions","9","29","9/29","0.310344827586","31.0344827586%","C","true","/what-is-equivalent-to-9-29-fraction","/9-29-as-a-percent-and-decimal"
"/9-29-as-a-percent-and-decimal","Percent and Decimal","9","29","9/29","0.310344827586","31.0344827586%","C","true","/9-29-as-a-percent-and-decimal","/what-is-equivalent-to-9-29-fraction"
"/what-is-equivalent-to-10-29-fraction","Equivalent Fractions","10","29","10/29","0.344827586207","34.4827586207%","C","true","/what-is-equivalent-to-10-29-fraction","/10-29-as-a-percent-and-decimal"
"/10-29-as-a-percent-and-decimal","Percent and Decimal","10","29","10/29","0.344827586207","34.4827586207%","C","true","/10-29-as-a-percent-and-decimal","/what-is-equivalent-to-10-29-fraction"
"/what-is-equivalent-to-11-29-fraction","Equivalent Fractions","11","29","11/29","0.379310344828","37.9310344828%","C","true","/what-is-equivalent-to-11-29-fraction","/11-29-as-a-percent-and-decimal"
"/11-29-as-a-percent-and-decimal","Percent and Decimal","11","29","11/29","0.379310344828","37.9310344828%","C","true","/11-29-as-a-percent-and-decimal","/what-is-equivalent-to-11-29-fraction"
"/what-is-equivalent-to-12-29-fraction","Equivalent Fractions","12","29","12/29","0.413793103448","41.3793103448%","C","true","/what-is-equivalent-to-12-29-fraction","/12-29-as-a-percent-and-decimal"
"/12-29-as-a-percent-and-decimal","Percent and Decimal","12","29","12/29","0.413793103448","41.3793103448%","C","true","/12-29-as-a-percent-and-decimal","/what-is-equivalent-to-12-29-fraction"
"/what-is-equivalent-to-1-30-fraction","Equivalent Fractions","1","30","1/30","0.0333333333333","3.33333333333%","B","true","/what-is-equivalent-to-1-30-fraction","/1-30-as-a-percent-and-decimal"
"/1-30-as-a-percent-and-decimal","Percent and Decimal","1","30","1/30","0.0333333333333","3.33333333333%","B","true","/1-30-as-a-percent-and-decimal","/what-is-equivalent-to-1-30-fraction"
"/what-is-equivalent-to-2-30-fraction","Equivalent Fractions","2","30","1/15","0.0666666666667","6.66666666667%","C","true","/what-is-equivalent-to-2-30-fraction","/2-30-as-a-percent-and-decimal"
"/2-30-as-a-percent-and-decimal","Percent and Decimal","2","30","1/15","0.0666666666667","6.66666666667%","C","true","/2-30-as-a-percent-and-decimal","/what-is-equivalent-to-2-30-fraction"
"/what-is-equivalent-to-4-30-fraction","Equivalent Fractions","4","30","2/15","0.133333333333","13.3333333333%","C","true","/what-is-equivalent-to-4-30-fraction","/4-30-as-a-percent-and-decimal"
"/4-30-as-a-percent-and-decimal","Percent and Decimal","4","30","2/15","0.133333333333","13.3333333333%","C","true","/4-30-as-a-percent-and-decimal","/what-is-equivalent-to-4-30-fraction"
"/what-is-equivalent-to-7-30-fraction","Equivalent Fractions","7","30","7/30","0.233333333333","23.3333333333%","C","true","/what-is-equivalent-to-7-30-fraction","/7-30-as-a-percent-and-decimal"
"/7-30-as-a-percent-and-decimal","Percent and Decimal","7","30","7/30","0.233333333333","23.3333333333%","C","true","/7-30-as-a-percent-and-decimal","/what-is-equivalent-to-7-30-fraction"
"/what-is-equivalent-to-8-30-fraction","Equivalent Fractions","8","30","4/15","0.266666666667","26.6666666667%","C","true","/what-is-equivalent-to-8-30-fraction","/8-30-as-a-percent-and-decimal"
"/8-30-as-a-percent-and-decimal","Percent and Decimal","8","30","4/15","0.266666666667","26.6666666667%","C","true","/8-30-as-a-percent-and-decimal","/what-is-equivalent-to-8-30-fraction"
"/what-is-equivalent-to-11-30-fraction","Equivalent Fractions","11","30","11/30","0.366666666667","36.6666666667%","C","true","/what-is-equivalent-to-11-30-fraction","/11-30-as-a-percent-and-decimal"
"/11-30-as-a-percent-and-decimal","Percent and Decimal","11","30","11/30","0.366666666667","36.6666666667%","C","true","/11-30-as-a-percent-and-decimal","/what-is-equivalent-to-11-30-fraction"
"/what-is-equivalent-to-13-30-fraction","Equivalent Fractions","13","30","13/30","0.433333333333","43.3333333333%","C","true","/what-is-equivalent-to-13-30-fraction","/13-30-as-a-percent-and-decimal"
"/13-30-as-a-percent-and-decimal","Percent and Decimal","13","30","13/30","0.433333333333","43.3333333333%","C","true","/13-30-as-a-percent-and-decimal","/what-is-equivalent-to-13-30-fraction"
"/what-is-equivalent-to-14-30-fraction","Equivalent Fractions","14","30","7/15","0.466666666667","46.6666666667%","C","true","/what-is-equivalent-to-14-30-fraction","/14-30-as-a-percent-and-decimal"
"/14-30-as-a-percent-and-decimal","Percent and Decimal","14","30","7/15","0.466666666667","46.6666666667%","C","true","/14-30-as-a-percent-and-decimal","/what-is-equivalent-to-14-30-fraction"
"/what-is-equivalent-to-16-30-fraction","Equivalent Fractions","16","30","8/15","0.533333333333","53.3333333333%","C","true","/what-is-equivalent-to-16-30-fraction","/16-30-as-a-percent-and-decimal"
"/16-30-as-a-percent-and-decimal","Percent and Decimal","16","30","8/15","0.533333333333","53.3333333333%","C","true","/16-30-as-a-percent-and-decimal","/what-is-equivalent-to-16-30-fraction"
"/what-is-equivalent-to-17-30-fraction","Equivalent Fractions","17","30","17/30","0.566666666667","56.6666666667%","C","true","/what-is-equivalent-to-17-30-fraction","/17-30-as-a-percent-and-decimal"
"/17-30-as-a-percent-and-decimal","Percent and Decimal","17","30","17/30","0.566666666667","56.6666666667%","C","true","/17-30-as-a-percent-and-decimal","/what-is-equivalent-to-17-30-fraction"
"/what-is-equivalent-to-19-30-fraction","Equivalent Fractions","19","30","19/30","0.633333333333","63.3333333333%","C","true","/what-is-equivalent-to-19-30-fraction","/19-30-as-a-percent-and-decimal"
"/19-30-as-a-percent-and-decimal","Percent and Decimal","19","30","19/30","0.633333333333","63.3333333333%","C","true","/19-30-as-a-percent-and-decimal","/what-is-equivalent-to-19-30-fraction"
"/what-is-equivalent-to-22-30-fraction","Equivalent Fractions","22","30","11/15","0.733333333333","73.3333333333%","C","true","/what-is-equivalent-to-22-30-fraction","/22-30-as-a-percent-and-decimal"
"/22-30-as-a-percent-and-decimal","Percent and Decimal","22","30","11/15","0.733333333333","73.3333333333%","C","true","/22-30-as-a-percent-and-decimal","/what-is-equivalent-to-22-30-fraction"
"/what-is-equivalent-to-23-30-fraction","Equivalent Fractions","23","30","23/30","0.766666666667","76.6666666667%","C","true","/what-is-equivalent-to-23-30-fraction","/23-30-as-a-percent-and-decimal"
"/23-30-as-a-percent-and-decimal","Percent and Decimal","23","30","23/30","0.766666666667","76.6666666667%","C","true","/23-30-as-a-percent-and-decimal","/what-is-equivalent-to-23-30-fraction"
"/what-is-equivalent-to-26-30-fraction","Equivalent Fractions","26","30","13/15","0.866666666667","86.6666666667%","C","true","/what-is-equivalent-to-26-30-fraction","/26-30-as-a-percent-and-decimal"
"/26-30-as-a-percent-and-decimal","Percent and Decimal","26","30","13/15","0.866666666667","86.6666666667%","C","true","/26-30-as-a-percent-and-decimal","/what-is-equivalent-to-26-30-fraction"
"/what-is-equivalent-to-28-30-fraction","Equivalent Fractions","28","30","14/15","0.933333333333","93.3333333333%","C","true","/what-is-equivalent-to-28-30-fraction","/28-30-as-a-percent-and-decimal"
"/28-30-as-a-percent-and-decimal","Percent and Decimal","28","30","14/15","0.933333333333","93.3333333333%","C","true","/28-30-as-a-percent-and-decimal","/what-is-equivalent-to-28-30-fraction"
"/what-is-equivalent-to-29-30-fraction","Equivalent Fractions","29","30","29/30","0.966666666667","96.6666666667%","C","true","/what-is-equivalent-to-29-30-fraction","/29-30-as-a-percent-and-decimal"
"/29-30-as-a-percent-and-decimal","Percent and Decimal","29","30","29/30","0.966666666667","96.6666666667%","C","true","/29-30-as-a-percent-and-decimal","/what-is-equivalent-to-29-30-fraction"
"/what-is-equivalent-to-32-30-fraction","Equivalent Fractions","32","30","16/15","1.06666666667","106.666666667%","C","true","/what-is-equivalent-to-32-30-fraction","/32-30-as-a-percent-and-decimal"
"/32-30-as-a-percent-and-decimal","Percent and Decimal","32","30","16/15","1.06666666667","106.666666667%","C","true","/32-30-as-a-percent-and-decimal","/what-is-equivalent-to-32-30-fraction"
"/what-is-equivalent-to-34-30-fraction","Equivalent Fractions","34","30","17/15","1.13333333333","113.333333333%","C","true","/what-is-equivalent-to-34-30-fraction","/34-30-as-a-percent-and-decimal"
"/34-30-as-a-percent-and-decimal","Percent and Decimal","34","30","17/15","1.13333333333","113.333333333%","C","true","/34-30-as-a-percent-and-decimal","/what-is-equivalent-to-34-30-fraction"
"/what-is-equivalent-to-38-30-fraction","Equivalent Fractions","38","30","19/15","1.26666666667","126.666666667%","C","true","/what-is-equivalent-to-38-30-fraction","/38-30-as-a-percent-and-decimal"
"/38-30-as-a-percent-and-decimal","Percent and Decimal","38","30","19/15","1.26666666667","126.666666667%","C","true","/38-30-as-a-percent-and-decimal","/what-is-equivalent-to-38-30-fraction"
"/what-is-equivalent-to-44-30-fraction","Equivalent Fractions","44","30","22/15","1.46666666667","146.666666667%","C","true","/what-is-equivalent-to-44-30-fraction","/44-30-as-a-percent-and-decimal"
"/44-30-as-a-percent-and-decimal","Percent and Decimal","44","30","22/15","1.46666666667","146.666666667%","C","true","/44-30-as-a-percent-and-decimal","/what-is-equivalent-to-44-30-fraction"
"/what-is-equivalent-to-46-30-fraction","Equivalent Fractions","46","30","23/15","1.53333333333","153.333333333%","C","true","/what-is-equivalent-to-46-30-fraction","/46-30-as-a-percent-and-decimal"
"/46-30-as-a-percent-and-decimal","Percent and Decimal","46","30","23/15","1.53333333333","153.333333333%","C","true","/46-30-as-a-percent-and-decimal","/what-is-equivalent-to-46-30-fraction"
"/what-is-equivalent-to-51-30-fraction","Equivalent Fractions","51","30","17/10","1.7","170%","B","true","/what-is-equivalent-to-51-30-fraction","/51-30-as-a-percent-and-decimal"
"/51-30-as-a-percent-and-decimal","Percent and Decimal","51","30","17/10","1.7","170%","B","true","/51-30-as-a-percent-and-decimal","/what-is-equivalent-to-51-30-fraction"
"/what-is-equivalent-to-52-30-fraction","Equivalent Fractions","52","30","26/15","1.73333333333","173.333333333%","C","true","/what-is-equivalent-to-52-30-fraction","/52-30-as-a-percent-and-decimal"
"/52-30-as-a-percent-and-decimal","Percent and Decimal","52","30","26/15","1.73333333333","173.333333333%","C","true","/52-30-as-a-percent-and-decimal","/what-is-equivalent-to-52-30-fraction"
"/what-is-equivalent-to-56-30-fraction","Equivalent Fractions","56","30","28/15","1.86666666667","186.666666667%","C","true","/what-is-equivalent-to-56-30-fraction","/56-30-as-a-percent-and-decimal"
"/56-30-as-a-percent-and-decimal","Percent and Decimal","56","30","28/15","1.86666666667","186.666666667%","C","true","/56-30-as-a-percent-and-decimal","/what-is-equivalent-to-56-30-fraction"
"/what-is-equivalent-to-57-30-fraction","Equivalent Fractions","57","30","19/10","1.9","190%","B","true","/what-is-equivalent-to-57-30-fraction","/57-30-as-a-percent-and-decimal"
"/57-30-as-a-percent-and-decimal","Percent and Decimal","57","30","19/10","1.9","190%","B","true","/57-30-as-a-percent-and-decimal","/what-is-equivalent-to-57-30-fraction"
"/what-is-equivalent-to-58-30-fraction","Equivalent Fractions","58","30","29/15","1.93333333333","193.333333333%","C","true","/what-is-equivalent-to-58-30-fraction","/58-30-as-a-percent-and-decimal"
"/58-30-as-a-percent-and-decimal","Percent and Decimal","58","30","29/15","1.93333333333","193.333333333%","C","true","/58-30-as-a-percent-and-decimal","/what-is-equivalent-to-58-30-fraction"
"/what-is-equivalent-to-1-31-fraction","Equivalent Fractions","1","31","1/31","0.0322580645161","3.22580645161%","C","true","/what-is-equivalent-to-1-31-fraction","/1-31-as-a-percent-and-decimal"
"/1-31-as-a-percent-and-decimal","Percent and Decimal","1","31","1/31","0.0322580645161","3.22580645161%","C","true","/1-31-as-a-percent-and-decimal","/what-is-equivalent-to-1-31-fraction"
"/what-is-equivalent-to-2-31-fraction","Equivalent Fractions","2","31","2/31","0.0645161290323","6.45161290323%","C","true","/what-is-equivalent-to-2-31-fraction","/2-31-as-a-percent-and-decimal"
"/2-31-as-a-percent-and-decimal","Percent and Decimal","2","31","2/31","0.0645161290323","6.45161290323%","C","true","/2-31-as-a-percent-and-decimal","/what-is-equivalent-to-2-31-fraction"
"/what-is-equivalent-to-3-31-fraction","Equivalent Fractions","3","31","3/31","0.0967741935484","9.67741935484%","C","true","/what-is-equivalent-to-3-31-fraction","/3-31-as-a-percent-and-decimal"
"/3-31-as-a-percent-and-decimal","Percent and Decimal","3","31","3/31","0.0967741935484","9.67741935484%","C","true","/3-31-as-a-percent-and-decimal","/what-is-equivalent-to-3-31-fraction"
"/what-is-equivalent-to-4-31-fraction","Equivalent Fractions","4","31","4/31","0.129032258065","12.9032258065%","C","true","/what-is-equivalent-to-4-31-fraction","/4-31-as-a-percent-and-decimal"
"/4-31-as-a-percent-and-decimal","Percent and Decimal","4","31","4/31","0.129032258065","12.9032258065%","C","true","/4-31-as-a-percent-and-decimal","/what-is-equivalent-to-4-31-fraction"
"/what-is-equivalent-to-5-31-fraction","Equivalent Fractions","5","31","5/31","0.161290322581","16.1290322581%","C","true","/what-is-equivalent-to-5-31-fraction","/5-31-as-a-percent-and-decimal"
"/5-31-as-a-percent-and-decimal","Percent and Decimal","5","31","5/31","0.161290322581","16.1290322581%","C","true","/5-31-as-a-percent-and-decimal","/what-is-equivalent-to-5-31-fraction"
"/what-is-equivalent-to-6-31-fraction","Equivalent Fractions","6","31","6/31","0.193548387097","19.3548387097%","C","true","/what-is-equivalent-to-6-31-fraction","/6-31-as-a-percent-and-decimal"
"/6-31-as-a-percent-and-decimal","Percent and Decimal","6","31","6/31","0.193548387097","19.3548387097%","C","true","/6-31-as-a-percent-and-decimal","/what-is-equivalent-to-6-31-fraction"
"/what-is-equivalent-to-7-31-fraction","Equivalent Fractions","7","31","7/31","0.225806451613","22.5806451613%","C","true","/what-is-equivalent-to-7-31-fraction","/7-31-as-a-percent-and-decimal"
"/7-31-as-a-percent-and-decimal","Percent and Decimal","7","31","7/31","0.225806451613","22.5806451613%","C","true","/7-31-as-a-percent-and-decimal","/what-is-equivalent-to-7-31-fraction"
"/what-is-equivalent-to-8-31-fraction","Equivalent Fractions","8","31","8/31","0.258064516129","25.8064516129%","C","true","/what-is-equivalent-to-8-31-fraction","/8-31-as-a-percent-and-decimal"
"/8-31-as-a-percent-and-decimal","Percent and Decimal","8","31","8/31","0.258064516129","25.8064516129%","C","true","/8-31-as-a-percent-and-decimal","/what-is-equivalent-to-8-31-fraction"
"/what-is-equivalent-to-9-31-fraction","Equivalent Fractions","9","31","9/31","0.290322580645","29.0322580645%","C","true","/what-is-equivalent-to-9-31-fraction","/9-31-as-a-percent-and-decimal"
"/9-31-as-a-percent-and-decimal","Percent and Decimal","9","31","9/31","0.290322580645","29.0322580645%","C","true","/9-31-as-a-percent-and-decimal","/what-is-equivalent-to-9-31-fraction"
"/what-is-equivalent-to-10-31-fraction","Equivalent Fractions","10","31","10/31","0.322580645161","32.2580645161%","C","true","/what-is-equivalent-to-10-31-fraction","/10-31-as-a-percent-and-decimal"
"/10-31-as-a-percent-and-decimal","Percent and Decimal","10","31","10/31","0.322580645161","32.2580645161%","C","true","/10-31-as-a-percent-and-decimal","/what-is-equivalent-to-10-31-fraction"
"/what-is-equivalent-to-11-31-fraction","Equivalent Fractions","11","31","11/31","0.354838709677","35.4838709677%","C","true","/what-is-equivalent-to-11-31-fraction","/11-31-as-a-percent-and-decimal"
"/11-31-as-a-percent-and-decimal","Percent and Decimal","11","31","11/31","0.354838709677","35.4838709677%","C","true","/11-31-as-a-percent-and-decimal","/what-is-equivalent-to-11-31-fraction"
"/what-is-equivalent-to-12-31-fraction","Equivalent Fractions","12","31","12/31","0.387096774194","38.7096774194%","C","true","/what-is-equivalent-to-12-31-fraction","/12-31-as-a-percent-and-decimal"
"/12-31-as-a-percent-and-decimal","Percent and Decimal","12","31","12/31","0.387096774194","38.7096774194%","C","true","/12-31-as-a-percent-and-decimal","/what-is-equivalent-to-12-31-fraction"
"/what-is-equivalent-to-1-32-fraction","Equivalent Fractions","1","32","1/32","0.03125","3.125%","A","true","/what-is-equivalent-to-1-32-fraction","/1-32-as-a-percent-and-decimal"
"/1-32-as-a-percent-and-decimal","Percent and Decimal","1","32","1/32","0.03125","3.125%","A","true","/1-32-as-a-percent-and-decimal","/what-is-equivalent-to-1-32-fraction"
"/what-is-equivalent-to-2-32-fraction","Equivalent Fractions","2","32","1/16","0.0625","6.25%","B","true","/what-is-equivalent-to-2-32-fraction","/2-32-as-a-percent-and-decimal"
"/2-32-as-a-percent-and-decimal","Percent and Decimal","2","32","1/16","0.0625","6.25%","B","true","/2-32-as-a-percent-and-decimal","/what-is-equivalent-to-2-32-fraction"
"/what-is-equivalent-to-3-32-fraction","Equivalent Fractions","3","32","3/32","0.09375","9.375%","B","true","/what-is-equivalent-to-3-32-fraction","/3-32-as-a-percent-and-decimal"
"/3-32-as-a-percent-and-decimal","Percent and Decimal","3","32","3/32","0.09375","9.375%","B","true","/3-32-as-a-percent-and-decimal","/what-is-equivalent-to-3-32-fraction"
"/what-is-equivalent-to-5-32-fraction","Equivalent Fractions","5","32","5/32","0.15625","15.625%","B","true","/what-is-equivalent-to-5-32-fraction","/5-32-as-a-percent-and-decimal"
"/5-32-as-a-percent-and-decimal","Percent and Decimal","5","32","5/32","0.15625","15.625%","B","true","/5-32-as-a-percent-and-decimal","/what-is-equivalent-to-5-32-fraction"
"/what-is-equivalent-to-6-32-fraction","Equivalent Fractions","6","32","3/16","0.1875","18.75%","B","true","/what-is-equivalent-to-6-32-fraction","/6-32-as-a-percent-and-decimal"
"/6-32-as-a-percent-and-decimal","Percent and Decimal","6","32","3/16","0.1875","18.75%","B","true","/6-32-as-a-percent-and-decimal","/what-is-equivalent-to-6-32-fraction"
"/what-is-equivalent-to-7-32-fraction","Equivalent Fractions","7","32","7/32","0.21875","21.875%","B","true","/what-is-equivalent-to-7-32-fraction","/7-32-as-a-percent-and-decimal"
"/7-32-as-a-percent-and-decimal","Percent and Decimal","7","32","7/32","0.21875","21.875%","B","true","/7-32-as-a-percent-and-decimal","/what-is-equivalent-to-7-32-fraction"
"/what-is-equivalent-to-9-32-fraction","Equivalent Fractions","9","32","9/32","0.28125","28.125%","B","true","/what-is-equivalent-to-9-32-fraction","/9-32-as-a-percent-and-decimal"
"/9-32-as-a-percent-and-decimal","Percent and Decimal","9","32","9/32","0.28125","28.125%","B","true","/9-32-as-a-percent-and-decimal","/what-is-equivalent-to-9-32-fraction"
"/what-is-equivalent-to-10-32-fraction","Equivalent Fractions","10","32","5/16","0.3125","31.25%","B","true","/what-is-equivalent-to-10-32-fraction","/10-32-as-a-percent-and-decimal"
"/10-32-as-a-percent-and-decimal","Percent and Decimal","10","32","5/16","0.3125","31.25%","B","true","/10-32-as-a-percent-and-decimal","/what-is-equivalent-to-10-32-fraction"
"/what-is-equivalent-to-11-32-fraction","Equivalent Fractions","11","32","11/32","0.34375","34.375%","B","true","/what-is-equivalent-to-11-32-fraction","/11-32-as-a-percent-and-decimal"
"/11-32-as-a-percent-and-decimal","Percent and Decimal","11","32","11/32","0.34375","34.375%","B","true","/11-32-as-a-percent-and-decimal","/what-is-equivalent-to-11-32-fraction"
"/what-is-equivalent-to-13-32-fraction","Equivalent Fractions","13","32","13/32","0.40625","40.625%","C","true","/what-is-equivalent-to-13-32-fraction","/13-32-as-a-percent-and-decimal"
"/13-32-as-a-percent-and-decimal","Percent and Decimal","13","32","13/32","0.40625","40.625%","C","true","/13-32-as-a-percent-and-decimal","/what-is-equivalent-to-13-32-fraction"
"/what-is-equivalent-to-14-32-fraction","Equivalent Fractions","14","32","7/16","0.4375","43.75%","B","true","/what-is-equivalent-to-14-32-fraction","/14-32-as-a-percent-and-decimal"
"/14-32-as-a-percent-and-decimal","Percent and Decimal","14","32","7/16","0.4375","43.75%","B","true","/14-32-as-a-percent-and-decimal","/what-is-equivalent-to-14-32-fraction"
"/what-is-equivalent-to-15-32-fraction","Equivalent Fractions","15","32","15/32","0.46875","46.875%","C","true","/what-is-equivalent-to-15-32-fraction","/15-32-as-a-percent-and-decimal"
"/15-32-as-a-percent-and-decimal","Percent and Decimal","15","32","15/32","0.46875","46.875%","C","true","/15-32-as-a-percent-and-decimal","/what-is-equivalent-to-15-32-fraction"
"/what-is-equivalent-to-17-32-fraction","Equivalent Fractions","17","32","17/32","0.53125","53.125%","C","true","/what-is-equivalent-to-17-32-fraction","/17-32-as-a-percent-and-decimal"
"/17-32-as-a-percent-and-decimal","Percent and Decimal","17","32","17/32","0.53125","53.125%","C","true","/17-32-as-a-percent-and-decimal","/what-is-equivalent-to-17-32-fraction"
"/what-is-equivalent-to-18-32-fraction","Equivalent Fractions","18","32","9/16","0.5625","56.25%","B","true","/what-is-equivalent-to-18-32-fraction","/18-32-as-a-percent-and-decimal"
"/18-32-as-a-percent-and-decimal","Percent and Decimal","18","32","9/16","0.5625","56.25%","B","true","/18-32-as-a-percent-and-decimal","/what-is-equivalent-to-18-32-fraction"
"/what-is-equivalent-to-19-32-fraction","Equivalent Fractions","19","32","19/32","0.59375","59.375%","C","true","/what-is-equivalent-to-19-32-fraction","/19-32-as-a-percent-and-decimal"
"/19-32-as-a-percent-and-decimal","Percent and Decimal","19","32","19/32","0.59375","59.375%","C","true","/19-32-as-a-percent-and-decimal","/what-is-equivalent-to-19-32-fraction"
"/what-is-equivalent-to-21-32-fraction","Equivalent Fractions","21","32","21/32","0.65625","65.625%","C","true","/what-is-equivalent-to-21-32-fraction","/21-32-as-a-percent-and-decimal"
"/21-32-as-a-percent-and-decimal","Percent and Decimal","21","32","21/32","0.65625","65.625%","C","true","/21-32-as-a-percent-and-decimal","/what-is-equivalent-to-21-32-fraction"
"/what-is-equivalent-to-22-32-fraction","Equivalent Fractions","22","32","11/16","0.6875","68.75%","B","true","/what-is-equivalent-to-22-32-fraction","/22-32-as-a-percent-and-decimal"
"/22-32-as-a-percent-and-decimal","Percent and Decimal","22","32","11/16","0.6875","68.75%","B","true","/22-32-as-a-percent-and-decimal","/what-is-equivalent-to-22-32-fraction"
"/what-is-equivalent-to-23-32-fraction","Equivalent Fractions","23","32","23/32","0.71875","71.875%","C","true","/what-is-equivalent-to-23-32-fraction","/23-32-as-a-percent-and-decimal"
"/23-32-as-a-percent-and-decimal","Percent and Decimal","23","32","23/32","0.71875","71.875%","C","true","/23-32-as-a-percent-and-decimal","/what-is-equivalent-to-23-32-fraction"
"/what-is-equivalent-to-25-32-fraction","Equivalent Fractions","25","32","25/32","0.78125","78.125%","C","true","/what-is-equivalent-to-25-32-fraction","/25-32-as-a-percent-and-decimal"
"/25-32-as-a-percent-and-decimal","Percent and Decimal","25","32","25/32","0.78125","78.125%","C","true","/25-32-as-a-percent-and-decimal","/what-is-equivalent-to-25-32-fraction"
"/what-is-equivalent-to-26-32-fraction","Equivalent Fractions","26","32","13/16","0.8125","81.25%","C","true","/what-is-equivalent-to-26-32-fraction","/26-32-as-a-percent-and-decimal"
"/26-32-as-a-percent-and-decimal","Percent and Decimal","26","32","13/16","0.8125","81.25%","C","true","/26-32-as-a-percent-and-decimal","/what-is-equivalent-to-26-32-fraction"
"/what-is-equivalent-to-27-32-fraction","Equivalent Fractions","27","32","27/32","0.84375","84.375%","C","true","/what-is-equivalent-to-27-32-fraction","/27-32-as-a-percent-and-decimal"
"/27-32-as-a-percent-and-decimal","Percent and Decimal","27","32","27/32","0.84375","84.375%","C","true","/27-32-as-a-percent-and-decimal","/what-is-equivalent-to-27-32-fraction"
"/what-is-equivalent-to-29-32-fraction","Equivalent Fractions","29","32","29/32","0.90625","90.625%","C","true","/what-is-equivalent-to-29-32-fraction","/29-32-as-a-percent-and-decimal"
"/29-32-as-a-percent-and-decimal","Percent and Decimal","29","32","29/32","0.90625","90.625%","C","true","/29-32-as-a-percent-and-decimal","/what-is-equivalent-to-29-32-fraction"
"/what-is-equivalent-to-30-32-fraction","Equivalent Fractions","30","32","15/16","0.9375","93.75%","C","true","/what-is-equivalent-to-30-32-fraction","/30-32-as-a-percent-and-decimal"
"/30-32-as-a-percent-and-decimal","Percent and Decimal","30","32","15/16","0.9375","93.75%","C","true","/30-32-as-a-percent-and-decimal","/what-is-equivalent-to-30-32-fraction"
"/what-is-equivalent-to-31-32-fraction","Equivalent Fractions","31","32","31/32","0.96875","96.875%","C","true","/what-is-equivalent-to-31-32-fraction","/31-32-as-a-percent-and-decimal"
"/31-32-as-a-percent-and-decimal","Percent and Decimal","31","32","31/32","0.96875","96.875%","C","true","/31-32-as-a-percent-and-decimal","/what-is-equivalent-to-31-32-fraction"
"/what-is-equivalent-to-33-32-fraction","Equivalent Fractions","33","32","33/32","1.03125","103.125%","C","true","/what-is-equivalent-to-33-32-fraction","/33-32-as-a-percent-and-decimal"
"/33-32-as-a-percent-and-decimal","Percent and Decimal","33","32","33/32","1.03125","103.125%","C","true","/33-32-as-a-percent-and-decimal","/what-is-equivalent-to-33-32-fraction"
"/what-is-equivalent-to-34-32-fraction","Equivalent Fractions","34","32","17/16","1.0625","106.25%","C","true","/what-is-equivalent-to-34-32-fraction","/34-32-as-a-percent-and-decimal"
"/34-32-as-a-percent-and-decimal","Percent and Decimal","34","32","17/16","1.0625","106.25%","C","true","/34-32-as-a-percent-and-decimal","/what-is-equivalent-to-34-32-fraction"
"/what-is-equivalent-to-35-32-fraction","Equivalent Fractions","35","32","35/32","1.09375","109.375%","C","true","/what-is-equivalent-to-35-32-fraction","/35-32-as-a-percent-and-decimal"
"/35-32-as-a-percent-and-decimal","Percent and Decimal","35","32","35/32","1.09375","109.375%","C","true","/35-32-as-a-percent-and-decimal","/what-is-equivalent-to-35-32-fraction"
"/what-is-equivalent-to-37-32-fraction","Equivalent Fractions","37","32","37/32","1.15625","115.625%","C","true","/what-is-equivalent-to-37-32-fraction","/37-32-as-a-percent-and-decimal"
"/37-32-as-a-percent-and-decimal","Percent and Decimal","37","32","37/32","1.15625","115.625%","C","true","/37-32-as-a-percent-and-decimal","/what-is-equivalent-to-37-32-fraction"
"/what-is-equivalent-to-38-32-fraction","Equivalent Fractions","38","32","19/16","1.1875","118.75%","C","true","/what-is-equivalent-to-38-32-fraction","/38-32-as-a-percent-and-decimal"
"/38-32-as-a-percent-and-decimal","Percent and Decimal","38","32","19/16","1.1875","118.75%","C","true","/38-32-as-a-percent-and-decimal","/what-is-equivalent-to-38-32-fraction"
"/what-is-equivalent-to-39-32-fraction","Equivalent Fractions","39","32","39/32","1.21875","121.875%","C","true","/what-is-equivalent-to-39-32-fraction","/39-32-as-a-percent-and-decimal"
"/39-32-as-a-percent-and-decimal","Percent and Decimal","39","32","39/32","1.21875","121.875%","C","true","/39-32-as-a-percent-and-decimal","/what-is-equivalent-to-39-32-fraction"
"/what-is-equivalent-to-41-32-fraction","Equivalent Fractions","41","32","41/32","1.28125","128.125%","C","true","/what-is-equivalent-to-41-32-fraction","/41-32-as-a-percent-and-decimal"
"/41-32-as-a-percent-and-decimal","Percent and Decimal","41","32","41/32","1.28125","128.125%","C","true","/41-32-as-a-percent-and-decimal","/what-is-equivalent-to-41-32-fraction"
"/what-is-equivalent-to-42-32-fraction","Equivalent Fractions","42","32","21/16","1.3125","131.25%","C","true","/what-is-equivalent-to-42-32-fraction","/42-32-as-a-percent-and-decimal"
"/42-32-as-a-percent-and-decimal","Percent and Decimal","42","32","21/16","1.3125","131.25%","C","true","/42-32-as-a-percent-and-decimal","/what-is-equivalent-to-42-32-fraction"
"/what-is-equivalent-to-43-32-fraction","Equivalent Fractions","43","32","43/32","1.34375","134.375%","C","true","/what-is-equivalent-to-43-32-fraction","/43-32-as-a-percent-and-decimal"
"/43-32-as-a-percent-and-decimal","Percent and Decimal","43","32","43/32","1.34375","134.375%","C","true","/43-32-as-a-percent-and-decimal","/what-is-equivalent-to-43-32-fraction"
"/what-is-equivalent-to-45-32-fraction","Equivalent Fractions","45","32","45/32","1.40625","140.625%","C","true","/what-is-equivalent-to-45-32-fraction","/45-32-as-a-percent-and-decimal"
"/45-32-as-a-percent-and-decimal","Percent and Decimal","45","32","45/32","1.40625","140.625%","C","true","/45-32-as-a-percent-and-decimal","/what-is-equivalent-to-45-32-fraction"
"/what-is-equivalent-to-46-32-fraction","Equivalent Fractions","46","32","23/16","1.4375","143.75%","C","true","/what-is-equivalent-to-46-32-fraction","/46-32-as-a-percent-and-decimal"
"/46-32-as-a-percent-and-decimal","Percent and Decimal","46","32","23/16","1.4375","143.75%","C","true","/46-32-as-a-percent-and-decimal","/what-is-equivalent-to-46-32-fraction"
"/what-is-equivalent-to-47-32-fraction","Equivalent Fractions","47","32","47/32","1.46875","146.875%","C","true","/what-is-equivalent-to-47-32-fraction","/47-32-as-a-percent-and-decimal"
"/47-32-as-a-percent-and-decimal","Percent and Decimal","47","32","47/32","1.46875","146.875%","C","true","/47-32-as-a-percent-and-decimal","/what-is-equivalent-to-47-32-fraction"
"/what-is-equivalent-to-49-32-fraction","Equivalent Fractions","49","32","49/32","1.53125","153.125%","C","true","/what-is-equivalent-to-49-32-fraction","/49-32-as-a-percent-and-decimal"
"/49-32-as-a-percent-and-decimal","Percent and Decimal","49","32","49/32","1.53125","153.125%","C","true","/49-32-as-a-percent-and-decimal","/what-is-equivalent-to-49-32-fraction"
"/what-is-equivalent-to-50-32-fraction","Equivalent Fractions","50","32","25/16","1.5625","156.25%","C","true","/what-is-equivalent-to-50-32-fraction","/50-32-as-a-percent-and-decimal"
"/50-32-as-a-percent-and-decimal","Percent and Decimal","50","32","25/16","1.5625","156.25%","C","true","/50-32-as-a-percent-and-decimal","/what-is-equivalent-to-50-32-fraction"
"/what-is-equivalent-to-51-32-fraction","Equivalent Fractions","51","32","51/32","1.59375","159.375%","C","true","/what-is-equivalent-to-51-32-fraction","/51-32-as-a-percent-and-decimal"
"/51-32-as-a-percent-and-decimal","Percent and Decimal","51","32","51/32","1.59375","159.375%","C","true","/51-32-as-a-percent-and-decimal","/what-is-equivalent-to-51-32-fraction"
"/what-is-equivalent-to-53-32-fraction","Equivalent Fractions","53","32","53/32","1.65625","165.625%","C","true","/what-is-equivalent-to-53-32-fraction","/53-32-as-a-percent-and-decimal"
"/53-32-as-a-percent-and-decimal","Percent and Decimal","53","32","53/32","1.65625","165.625%","C","true","/53-32-as-a-percent-and-decimal","/what-is-equivalent-to-53-32-fraction"
"/what-is-equivalent-to-54-32-fraction","Equivalent Fractions","54","32","27/16","1.6875","168.75%","C","true","/what-is-equivalent-to-54-32-fraction","/54-32-as-a-percent-and-decimal"
"/54-32-as-a-percent-and-decimal","Percent and Decimal","54","32","27/16","1.6875","168.75%","C","true","/54-32-as-a-percent-and-decimal","/what-is-equivalent-to-54-32-fraction"
"/what-is-equivalent-to-55-32-fraction","Equivalent Fractions","55","32","55/32","1.71875","171.875%","C","true","/what-is-equivalent-to-55-32-fraction","/55-32-as-a-percent-and-decimal"
"/55-32-as-a-percent-and-decimal","Percent and Decimal","55","32","55/32","1.71875","171.875%","C","true","/55-32-as-a-percent-and-decimal","/what-is-equivalent-to-55-32-fraction"
"/what-is-equivalent-to-57-32-fraction","Equivalent Fractions","57","32","57/32","1.78125","178.125%","C","true","/what-is-equivalent-to-57-32-fraction","/57-32-as-a-percent-and-decimal"
"/57-32-as-a-percent-and-decimal","Percent and Decimal","57","32","57/32","1.78125","178.125%","C","true","/57-32-as-a-percent-and-decimal","/what-is-equivalent-to-57-32-fraction"
"/what-is-equivalent-to-58-32-fraction","Equivalent Fractions","58","32","29/16","1.8125","181.25%","C","true","/what-is-equivalent-to-58-32-fraction","/58-32-as-a-percent-and-decimal"
"/58-32-as-a-percent-and-decimal","Percent and Decimal","58","32","29/16","1.8125","181.25%","C","true","/58-32-as-a-percent-and-decimal","/what-is-equivalent-to-58-32-fraction"
"/what-is-equivalent-to-59-32-fraction","Equivalent Fractions","59","32","59/32","1.84375","184.375%","C","true","/what-is-equivalent-to-59-32-fraction","/59-32-as-a-percent-and-decimal"
"/59-32-as-a-percent-and-decimal","Percent and Decimal","59","32","59/32","1.84375","184.375%","C","true","/59-32-as-a-percent-and-decimal","/what-is-equivalent-to-59-32-fraction"
"/what-is-equivalent-to-61-32-fraction","Equivalent Fractions","61","32","61/32","1.90625","190.625%","C","true","/what-is-equivalent-to-61-32-fraction","/61-32-as-a-percent-and-decimal"
"/61-32-as-a-percent-and-decimal","Percent and Decimal","61","32","61/32","1.90625","190.625%","C","true","/61-32-as-a-percent-and-decimal","/what-is-equivalent-to-61-32-fraction"
"/what-is-equivalent-to-62-32-fraction","Equivalent Fractions","62","32","31/16","1.9375","193.75%","C","true","/what-is-equivalent-to-62-32-fraction","/62-32-as-a-percent-and-decimal"
"/62-32-as-a-percent-and-decimal","Percent and Decimal","62","32","31/16","1.9375","193.75%","C","true","/62-32-as-a-percent-and-decimal","/what-is-equivalent-to-62-32-fraction"
"/what-is-equivalent-to-63-32-fraction","Equivalent Fractions","63","32","63/32","1.96875","196.875%","C","true","/what-is-equivalent-to-63-32-fraction","/63-32-as-a-percent-and-decimal"
"/63-32-as-a-percent-and-decimal","Percent and Decimal","63","32","63/32","1.96875","196.875%","C","true","/63-32-as-a-percent-and-decimal","/what-is-equivalent-to-63-32-fraction"
"/what-is-equivalent-to-1-33-fraction","Equivalent Fractions","1","33","1/33","0.030303030303","3.0303030303%","C","true","/what-is-equivalent-to-1-33-fraction","/1-33-as-a-percent-and-decimal"
"/1-33-as-a-percent-and-decimal","Percent and Decimal","1","33","1/33","0.030303030303","3.0303030303%","C","true","/1-33-as-a-percent-and-decimal","/what-is-equivalent-to-1-33-fraction"
"/what-is-equivalent-to-2-33-fraction","Equivalent Fractions","2","33","2/33","0.0606060606061","6.06060606061%","C","true","/what-is-equivalent-to-2-33-fraction","/2-33-as-a-percent-and-decimal"
"/2-33-as-a-percent-and-decimal","Percent and Decimal","2","33","2/33","0.0606060606061","6.06060606061%","C","true","/2-33-as-a-percent-and-decimal","/what-is-equivalent-to-2-33-fraction"
"/what-is-equivalent-to-3-33-fraction","Equivalent Fractions","3","33","1/11","0.0909090909091","9.09090909091%","C","true","/what-is-equivalent-to-3-33-fraction","/3-33-as-a-percent-and-decimal"
"/3-33-as-a-percent-and-decimal","Percent and Decimal","3","33","1/11","0.0909090909091","9.09090909091%","C","true","/3-33-as-a-percent-and-decimal","/what-is-equivalent-to-3-33-fraction"
"/what-is-equivalent-to-4-33-fraction","Equivalent Fractions","4","33","4/33","0.121212121212","12.1212121212%","C","true","/what-is-equivalent-to-4-33-fraction","/4-33-as-a-percent-and-decimal"
"/4-33-as-a-percent-and-decimal","Percent and Decimal","4","33","4/33","0.121212121212","12.1212121212%","C","true","/4-33-as-a-percent-and-decimal","/what-is-equivalent-to-4-33-fraction"
"/what-is-equivalent-to-5-33-fraction","Equivalent Fractions","5","33","5/33","0.151515151515","15.1515151515%","C","true","/what-is-equivalent-to-5-33-fraction","/5-33-as-a-percent-and-decimal"
"/5-33-as-a-percent-and-decimal","Percent and Decimal","5","33","5/33","0.151515151515","15.1515151515%","C","true","/5-33-as-a-percent-and-decimal","/what-is-equivalent-to-5-33-fraction"
"/what-is-equivalent-to-6-33-fraction","Equivalent Fractions","6","33","2/11","0.181818181818","18.1818181818%","C","true","/what-is-equivalent-to-6-33-fraction","/6-33-as-a-percent-and-decimal"
"/6-33-as-a-percent-and-decimal","Percent and Decimal","6","33","2/11","0.181818181818","18.1818181818%","C","true","/6-33-as-a-percent-and-decimal","/what-is-equivalent-to-6-33-fraction"
"/what-is-equivalent-to-7-33-fraction","Equivalent Fractions","7","33","7/33","0.212121212121","21.2121212121%","C","true","/what-is-equivalent-to-7-33-fraction","/7-33-as-a-percent-and-decimal"
"/7-33-as-a-percent-and-decimal","Percent and Decimal","7","33","7/33","0.212121212121","21.2121212121%","C","true","/7-33-as-a-percent-and-decimal","/what-is-equivalent-to-7-33-fraction"
"/what-is-equivalent-to-8-33-fraction","Equivalent Fractions","8","33","8/33","0.242424242424","24.2424242424%","C","true","/what-is-equivalent-to-8-33-fraction","/8-33-as-a-percent-and-decimal"
"/8-33-as-a-percent-and-decimal","Percent and Decimal","8","33","8/33","0.242424242424","24.2424242424%","C","true","/8-33-as-a-percent-and-decimal","/what-is-equivalent-to-8-33-fraction"
"/what-is-equivalent-to-9-33-fraction","Equivalent Fractions","9","33","3/11","0.272727272727","27.2727272727%","C","true","/what-is-equivalent-to-9-33-fraction","/9-33-as-a-percent-and-decimal"
"/9-33-as-a-percent-and-decimal","Percent and Decimal","9","33","3/11","0.272727272727","27.2727272727%","C","true","/9-33-as-a-percent-and-decimal","/what-is-equivalent-to-9-33-fraction"
"/what-is-equivalent-to-10-33-fraction","Equivalent Fractions","10","33","10/33","0.30303030303","30.303030303%","C","true","/what-is-equivalent-to-10-33-fraction","/10-33-as-a-percent-and-decimal"
"/10-33-as-a-percent-and-decimal","Percent and Decimal","10","33","10/33","0.30303030303","30.303030303%","C","true","/10-33-as-a-percent-and-decimal","/what-is-equivalent-to-10-33-fraction"
"/what-is-equivalent-to-12-33-fraction","Equivalent Fractions","12","33","4/11","0.363636363636","36.3636363636%","C","true","/what-is-equivalent-to-12-33-fraction","/12-33-as-a-percent-and-decimal"
"/12-33-as-a-percent-and-decimal","Percent and Decimal","12","33","4/11","0.363636363636","36.3636363636%","C","true","/12-33-as-a-percent-and-decimal","/what-is-equivalent-to-12-33-fraction"
"/what-is-equivalent-to-1-34-fraction","Equivalent Fractions","1","34","1/34","0.0294117647059","2.94117647059%","C","true","/what-is-equivalent-to-1-34-fraction","/1-34-as-a-percent-and-decimal"
"/1-34-as-a-percent-and-decimal","Percent and Decimal","1","34","1/34","0.0294117647059","2.94117647059%","C","true","/1-34-as-a-percent-and-decimal","/what-is-equivalent-to-1-34-fraction"
"/what-is-equivalent-to-2-34-fraction","Equivalent Fractions","2","34","1/17","0.0588235294118","5.88235294118%","C","true","/what-is-equivalent-to-2-34-fraction","/2-34-as-a-percent-and-decimal"
"/2-34-as-a-percent-and-decimal","Percent and Decimal","2","34","1/17","0.0588235294118","5.88235294118%","C","true","/2-34-as-a-percent-and-decimal","/what-is-equivalent-to-2-34-fraction"
"/what-is-equivalent-to-3-34-fraction","Equivalent Fractions","3","34","3/34","0.0882352941176","8.82352941176%","C","true","/what-is-equivalent-to-3-34-fraction","/3-34-as-a-percent-and-decimal"
"/3-34-as-a-percent-and-decimal","Percent and Decimal","3","34","3/34","0.0882352941176","8.82352941176%","C","true","/3-34-as-a-percent-and-decimal","/what-is-equivalent-to-3-34-fraction"
"/what-is-equivalent-to-4-34-fraction","Equivalent Fractions","4","34","2/17","0.117647058824","11.7647058824%","C","true","/what-is-equivalent-to-4-34-fraction","/4-34-as-a-percent-and-decimal"
"/4-34-as-a-percent-and-decimal","Percent and Decimal","4","34","2/17","0.117647058824","11.7647058824%","C","true","/4-34-as-a-percent-and-decimal","/what-is-equivalent-to-4-34-fraction"
"/what-is-equivalent-to-5-34-fraction","Equivalent Fractions","5","34","5/34","0.147058823529","14.7058823529%","C","true","/what-is-equivalent-to-5-34-fraction","/5-34-as-a-percent-and-decimal"
"/5-34-as-a-percent-and-decimal","Percent and Decimal","5","34","5/34","0.147058823529","14.7058823529%","C","true","/5-34-as-a-percent-and-decimal","/what-is-equivalent-to-5-34-fraction"
"/what-is-equivalent-to-6-34-fraction","Equivalent Fractions","6","34","3/17","0.176470588235","17.6470588235%","C","true","/what-is-equivalent-to-6-34-fraction","/6-34-as-a-percent-and-decimal"
"/6-34-as-a-percent-and-decimal","Percent and Decimal","6","34","3/17","0.176470588235","17.6470588235%","C","true","/6-34-as-a-percent-and-decimal","/what-is-equivalent-to-6-34-fraction"
"/what-is-equivalent-to-7-34-fraction","Equivalent Fractions","7","34","7/34","0.205882352941","20.5882352941%","C","true","/what-is-equivalent-to-7-34-fraction","/7-34-as-a-percent-and-decimal"
"/7-34-as-a-percent-and-decimal","Percent and Decimal","7","34","7/34","0.205882352941","20.5882352941%","C","true","/7-34-as-a-percent-and-decimal","/what-is-equivalent-to-7-34-fraction"
"/what-is-equivalent-to-8-34-fraction","Equivalent Fractions","8","34","4/17","0.235294117647","23.5294117647%","C","true","/what-is-equivalent-to-8-34-fraction","/8-34-as-a-percent-and-decimal"
"/8-34-as-a-percent-and-decimal","Percent and Decimal","8","34","4/17","0.235294117647","23.5294117647%","C","true","/8-34-as-a-percent-and-decimal","/what-is-equivalent-to-8-34-fraction"
"/what-is-equivalent-to-9-34-fraction","Equivalent Fractions","9","34","9/34","0.264705882353","26.4705882353%","C","true","/what-is-equivalent-to-9-34-fraction","/9-34-as-a-percent-and-decimal"
"/9-34-as-a-percent-and-decimal","Percent and Decimal","9","34","9/34","0.264705882353","26.4705882353%","C","true","/9-34-as-a-percent-and-decimal","/what-is-equivalent-to-9-34-fraction"
"/what-is-equivalent-to-10-34-fraction","Equivalent Fractions","10","34","5/17","0.294117647059","29.4117647059%","C","true","/what-is-equivalent-to-10-34-fraction","/10-34-as-a-percent-and-decimal"
"/10-34-as-a-percent-and-decimal","Percent and Decimal","10","34","5/17","0.294117647059","29.4117647059%","C","true","/10-34-as-a-percent-and-decimal","/what-is-equivalent-to-10-34-fraction"
"/what-is-equivalent-to-11-34-fraction","Equivalent Fractions","11","34","11/34","0.323529411765","32.3529411765%","C","true","/what-is-equivalent-to-11-34-fraction","/11-34-as-a-percent-and-decimal"
"/11-34-as-a-percent-and-decimal","Percent and Decimal","11","34","11/34","0.323529411765","32.3529411765%","C","true","/11-34-as-a-percent-and-decimal","/what-is-equivalent-to-11-34-fraction"
"/what-is-equivalent-to-12-34-fraction","Equivalent Fractions","12","34","6/17","0.352941176471","35.2941176471%","C","true","/what-is-equivalent-to-12-34-fraction","/12-34-as-a-percent-and-decimal"
"/12-34-as-a-percent-and-decimal","Percent and Decimal","12","34","6/17","0.352941176471","35.2941176471%","C","true","/12-34-as-a-percent-and-decimal","/what-is-equivalent-to-12-34-fraction"
"/what-is-equivalent-to-1-35-fraction","Equivalent Fractions","1","35","1/35","0.0285714285714","2.85714285714%","C","true","/what-is-equivalent-to-1-35-fraction","/1-35-as-a-percent-and-decimal"
"/1-35-as-a-percent-and-decimal","Percent and Decimal","1","35","1/35","0.0285714285714","2.85714285714%","C","true","/1-35-as-a-percent-and-decimal","/what-is-equivalent-to-1-35-fraction"
"/what-is-equivalent-to-2-35-fraction","Equivalent Fractions","2","35","2/35","0.0571428571429","5.71428571429%","C","true","/what-is-equivalent-to-2-35-fraction","/2-35-as-a-percent-and-decimal"
"/2-35-as-a-percent-and-decimal","Percent and Decimal","2","35","2/35","0.0571428571429","5.71428571429%","C","true","/2-35-as-a-percent-and-decimal","/what-is-equivalent-to-2-35-fraction"
"/what-is-equivalent-to-3-35-fraction","Equivalent Fractions","3","35","3/35","0.0857142857143","8.57142857143%","C","true","/what-is-equivalent-to-3-35-fraction","/3-35-as-a-percent-and-decimal"
"/3-35-as-a-percent-and-decimal","Percent and Decimal","3","35","3/35","0.0857142857143","8.57142857143%","C","true","/3-35-as-a-percent-and-decimal","/what-is-equivalent-to-3-35-fraction"
"/what-is-equivalent-to-4-35-fraction","Equivalent Fractions","4","35","4/35","0.114285714286","11.4285714286%","C","true","/what-is-equivalent-to-4-35-fraction","/4-35-as-a-percent-and-decimal"
"/4-35-as-a-percent-and-decimal","Percent and Decimal","4","35","4/35","0.114285714286","11.4285714286%","C","true","/4-35-as-a-percent-and-decimal","/what-is-equivalent-to-4-35-fraction"
"/what-is-equivalent-to-6-35-fraction","Equivalent Fractions","6","35","6/35","0.171428571429","17.1428571429%","C","true","/what-is-equivalent-to-6-35-fraction","/6-35-as-a-percent-and-decimal"
"/6-35-as-a-percent-and-decimal","Percent and Decimal","6","35","6/35","0.171428571429","17.1428571429%","C","true","/6-35-as-a-percent-and-decimal","/what-is-equivalent-to-6-35-fraction"
"/what-is-equivalent-to-8-35-fraction","Equivalent Fractions","8","35","8/35","0.228571428571","22.8571428571%","C","true","/what-is-equivalent-to-8-35-fraction","/8-35-as-a-percent-and-decimal"
"/8-35-as-a-percent-and-decimal","Percent and Decimal","8","35","8/35","0.228571428571","22.8571428571%","C","true","/8-35-as-a-percent-and-decimal","/what-is-equivalent-to-8-35-fraction"
"/what-is-equivalent-to-9-35-fraction","Equivalent Fractions","9","35","9/35","0.257142857143","25.7142857143%","C","true","/what-is-equivalent-to-9-35-fraction","/9-35-as-a-percent-and-decimal"
"/9-35-as-a-percent-and-decimal","Percent and Decimal","9","35","9/35","0.257142857143","25.7142857143%","C","true","/9-35-as-a-percent-and-decimal","/what-is-equivalent-to-9-35-fraction"
"/what-is-equivalent-to-11-35-fraction","Equivalent Fractions","11","35","11/35","0.314285714286","31.4285714286%","C","true","/what-is-equivalent-to-11-35-fraction","/11-35-as-a-percent-and-decimal"
"/11-35-as-a-percent-and-decimal","Percent and Decimal","11","35","11/35","0.314285714286","31.4285714286%","C","true","/11-35-as-a-percent-and-decimal","/what-is-equivalent-to-11-35-fraction"
"/what-is-equivalent-to-12-35-fraction","Equivalent Fractions","12","35","12/35","0.342857142857","34.2857142857%","C","true","/what-is-equivalent-to-12-35-fraction","/12-35-as-a-percent-and-decimal"
"/12-35-as-a-percent-and-decimal","Percent and Decimal","12","35","12/35","0.342857142857","34.2857142857%","C","true","/12-35-as-a-percent-and-decimal","/what-is-equivalent-to-12-35-fraction"
"/what-is-equivalent-to-1-36-fraction","Equivalent Fractions","1","36","1/36","0.0277777777778","2.77777777778%","C","true","/what-is-equivalent-to-1-36-fraction","/1-36-as-a-percent-and-decimal"
"/1-36-as-a-percent-and-decimal","Percent and Decimal","1","36","1/36","0.0277777777778","2.77777777778%","C","true","/1-36-as-a-percent-and-decimal","/what-is-equivalent-to-1-36-fraction"
"/what-is-equivalent-to-2-36-fraction","Equivalent Fractions","2","36","1/18","0.0555555555556","5.55555555556%","C","true","/what-is-equivalent-to-2-36-fraction","/2-36-as-a-percent-and-decimal"
"/2-36-as-a-percent-and-decimal","Percent and Decimal","2","36","1/18","0.0555555555556","5.55555555556%","C","true","/2-36-as-a-percent-and-decimal","/what-is-equivalent-to-2-36-fraction"
"/what-is-equivalent-to-5-36-fraction","Equivalent Fractions","5","36","5/36","0.138888888889","13.8888888889%","C","true","/what-is-equivalent-to-5-36-fraction","/5-36-as-a-percent-and-decimal"
"/5-36-as-a-percent-and-decimal","Percent and Decimal","5","36","5/36","0.138888888889","13.8888888889%","C","true","/5-36-as-a-percent-and-decimal","/what-is-equivalent-to-5-36-fraction"
"/what-is-equivalent-to-7-36-fraction","Equivalent Fractions","7","36","7/36","0.194444444444","19.4444444444%","C","true","/what-is-equivalent-to-7-36-fraction","/7-36-as-a-percent-and-decimal"
"/7-36-as-a-percent-and-decimal","Percent and Decimal","7","36","7/36","0.194444444444","19.4444444444%","C","true","/7-36-as-a-percent-and-decimal","/what-is-equivalent-to-7-36-fraction"
"/what-is-equivalent-to-10-36-fraction","Equivalent Fractions","10","36","5/18","0.277777777778","27.7777777778%","C","true","/what-is-equivalent-to-10-36-fraction","/10-36-as-a-percent-and-decimal"
"/10-36-as-a-percent-and-decimal","Percent and Decimal","10","36","5/18","0.277777777778","27.7777777778%","C","true","/10-36-as-a-percent-and-decimal","/what-is-equivalent-to-10-36-fraction"
"/what-is-equivalent-to-11-36-fraction","Equivalent Fractions","11","36","11/36","0.305555555556","30.5555555556%","C","true","/what-is-equivalent-to-11-36-fraction","/11-36-as-a-percent-and-decimal"
"/11-36-as-a-percent-and-decimal","Percent and Decimal","11","36","11/36","0.305555555556","30.5555555556%","C","true","/11-36-as-a-percent-and-decimal","/what-is-equivalent-to-11-36-fraction"
"/what-is-equivalent-to-1-37-fraction","Equivalent Fractions","1","37","1/37","0.027027027027","2.7027027027%","C","true","/what-is-equivalent-to-1-37-fraction","/1-37-as-a-percent-and-decimal"
"/1-37-as-a-percent-and-decimal","Percent and Decimal","1","37","1/37","0.027027027027","2.7027027027%","C","true","/1-37-as-a-percent-and-decimal","/what-is-equivalent-to-1-37-fraction"
"/what-is-equivalent-to-2-37-fraction","Equivalent Fractions","2","37","2/37","0.0540540540541","5.40540540541%","C","true","/what-is-equivalent-to-2-37-fraction","/2-37-as-a-percent-and-decimal"
"/2-37-as-a-percent-and-decimal","Percent and Decimal","2","37","2/37","0.0540540540541","5.40540540541%","C","true","/2-37-as-a-percent-and-decimal","/what-is-equivalent-to-2-37-fraction"
"/what-is-equivalent-to-3-37-fraction","Equivalent Fractions","3","37","3/37","0.0810810810811","8.10810810811%","C","true","/what-is-equivalent-to-3-37-fraction","/3-37-as-a-percent-and-decimal"
"/3-37-as-a-percent-and-decimal","Percent and Decimal","3","37","3/37","0.0810810810811","8.10810810811%","C","true","/3-37-as-a-percent-and-decimal","/what-is-equivalent-to-3-37-fraction"
"/what-is-equivalent-to-4-37-fraction","Equivalent Fractions","4","37","4/37","0.108108108108","10.8108108108%","C","true","/what-is-equivalent-to-4-37-fraction","/4-37-as-a-percent-and-decimal"
"/4-37-as-a-percent-and-decimal","Percent and Decimal","4","37","4/37","0.108108108108","10.8108108108%","C","true","/4-37-as-a-percent-and-decimal","/what-is-equivalent-to-4-37-fraction"
"/what-is-equivalent-to-5-37-fraction","Equivalent Fractions","5","37","5/37","0.135135135135","13.5135135135%","C","true","/what-is-equivalent-to-5-37-fraction","/5-37-as-a-percent-and-decimal"
"/5-37-as-a-percent-and-decimal","Percent and Decimal","5","37","5/37","0.135135135135","13.5135135135%","C","true","/5-37-as-a-percent-and-decimal","/what-is-equivalent-to-5-37-fraction"
"/what-is-equivalent-to-6-37-fraction","Equivalent Fractions","6","37","6/37","0.162162162162","16.2162162162%","C","true","/what-is-equivalent-to-6-37-fraction","/6-37-as-a-percent-and-decimal"
"/6-37-as-a-percent-and-decimal","Percent and Decimal","6","37","6/37","0.162162162162","16.2162162162%","C","true","/6-37-as-a-percent-and-decimal","/what-is-equivalent-to-6-37-fraction"
"/what-is-equivalent-to-7-37-fraction","Equivalent Fractions","7","37","7/37","0.189189189189","18.9189189189%","C","true","/what-is-equivalent-to-7-37-fraction","/7-37-as-a-percent-and-decimal"
"/7-37-as-a-percent-and-decimal","Percent and Decimal","7","37","7/37","0.189189189189","18.9189189189%","C","true","/7-37-as-a-percent-and-decimal","/what-is-equivalent-to-7-37-fraction"
"/what-is-equivalent-to-8-37-fraction","Equivalent Fractions","8","37","8/37","0.216216216216","21.6216216216%","C","true","/what-is-equivalent-to-8-37-fraction","/8-37-as-a-percent-and-decimal"
"/8-37-as-a-percent-and-decimal","Percent and Decimal","8","37","8/37","0.216216216216","21.6216216216%","C","true","/8-37-as-a-percent-and-decimal","/what-is-equivalent-to-8-37-fraction"
"/what-is-equivalent-to-9-37-fraction","Equivalent Fractions","9","37","9/37","0.243243243243","24.3243243243%","C","true","/what-is-equivalent-to-9-37-fraction","/9-37-as-a-percent-and-decimal"
"/9-37-as-a-percent-and-decimal","Percent and Decimal","9","37","9/37","0.243243243243","24.3243243243%","C","true","/9-37-as-a-percent-and-decimal","/what-is-equivalent-to-9-37-fraction"
"/what-is-equivalent-to-10-37-fraction","Equivalent Fractions","10","37","10/37","0.27027027027","27.027027027%","C","true","/what-is-equivalent-to-10-37-fraction","/10-37-as-a-percent-and-decimal"
"/10-37-as-a-percent-and-decimal","Percent and Decimal","10","37","10/37","0.27027027027","27.027027027%","C","true","/10-37-as-a-percent-and-decimal","/what-is-equivalent-to-10-37-fraction"
"/what-is-equivalent-to-11-37-fraction","Equivalent Fractions","11","37","11/37","0.297297297297","29.7297297297%","C","true","/what-is-equivalent-to-11-37-fraction","/11-37-as-a-percent-and-decimal"
"/11-37-as-a-percent-and-decimal","Percent and Decimal","11","37","11/37","0.297297297297","29.7297297297%","C","true","/11-37-as-a-percent-and-decimal","/what-is-equivalent-to-11-37-fraction"
"/what-is-equivalent-to-12-37-fraction","Equivalent Fractions","12","37","12/37","0.324324324324","32.4324324324%","C","true","/what-is-equivalent-to-12-37-fraction","/12-37-as-a-percent-and-decimal"
"/12-37-as-a-percent-and-decimal","Percent and Decimal","12","37","12/37","0.324324324324","32.4324324324%","C","true","/12-37-as-a-percent-and-decimal","/what-is-equivalent-to-12-37-fraction"
"/what-is-equivalent-to-1-38-fraction","Equivalent Fractions","1","38","1/38","0.0263157894737","2.63157894737%","C","true","/what-is-equivalent-to-1-38-fraction","/1-38-as-a-percent-and-decimal"
"/1-38-as-a-percent-and-decimal","Percent and Decimal","1","38","1/38","0.0263157894737","2.63157894737%","C","true","/1-38-as-a-percent-and-decimal","/what-is-equivalent-to-1-38-fraction"
"/what-is-equivalent-to-2-38-fraction","Equivalent Fractions","2","38","1/19","0.0526315789474","5.26315789474%","C","true","/what-is-equivalent-to-2-38-fraction","/2-38-as-a-percent-and-decimal"
"/2-38-as-a-percent-and-decimal","Percent and Decimal","2","38","1/19","0.0526315789474","5.26315789474%","C","true","/2-38-as-a-percent-and-decimal","/what-is-equivalent-to-2-38-fraction"
"/what-is-equivalent-to-3-38-fraction","Equivalent Fractions","3","38","3/38","0.0789473684211","7.89473684211%","C","true","/what-is-equivalent-to-3-38-fraction","/3-38-as-a-percent-and-decimal"
"/3-38-as-a-percent-and-decimal","Percent and Decimal","3","38","3/38","0.0789473684211","7.89473684211%","C","true","/3-38-as-a-percent-and-decimal","/what-is-equivalent-to-3-38-fraction"
"/what-is-equivalent-to-4-38-fraction","Equivalent Fractions","4","38","2/19","0.105263157895","10.5263157895%","C","true","/what-is-equivalent-to-4-38-fraction","/4-38-as-a-percent-and-decimal"
"/4-38-as-a-percent-and-decimal","Percent and Decimal","4","38","2/19","0.105263157895","10.5263157895%","C","true","/4-38-as-a-percent-and-decimal","/what-is-equivalent-to-4-38-fraction"
"/what-is-equivalent-to-5-38-fraction","Equivalent Fractions","5","38","5/38","0.131578947368","13.1578947368%","C","true","/what-is-equivalent-to-5-38-fraction","/5-38-as-a-percent-and-decimal"
"/5-38-as-a-percent-and-decimal","Percent and Decimal","5","38","5/38","0.131578947368","13.1578947368%","C","true","/5-38-as-a-percent-and-decimal","/what-is-equivalent-to-5-38-fraction"
"/what-is-equivalent-to-6-38-fraction","Equivalent Fractions","6","38","3/19","0.157894736842","15.7894736842%","C","true","/what-is-equivalent-to-6-38-fraction","/6-38-as-a-percent-and-decimal"
"/6-38-as-a-percent-and-decimal","Percent and Decimal","6","38","3/19","0.157894736842","15.7894736842%","C","true","/6-38-as-a-percent-and-decimal","/what-is-equivalent-to-6-38-fraction"
"/what-is-equivalent-to-7-38-fraction","Equivalent Fractions","7","38","7/38","0.184210526316","18.4210526316%","C","true","/what-is-equivalent-to-7-38-fraction","/7-38-as-a-percent-and-decimal"
"/7-38-as-a-percent-and-decimal","Percent and Decimal","7","38","7/38","0.184210526316","18.4210526316%","C","true","/7-38-as-a-percent-and-decimal","/what-is-equivalent-to-7-38-fraction"
"/what-is-equivalent-to-8-38-fraction","Equivalent Fractions","8","38","4/19","0.210526315789","21.0526315789%","C","true","/what-is-equivalent-to-8-38-fraction","/8-38-as-a-percent-and-decimal"
"/8-38-as-a-percent-and-decimal","Percent and Decimal","8","38","4/19","0.210526315789","21.0526315789%","C","true","/8-38-as-a-percent-and-decimal","/what-is-equivalent-to-8-38-fraction"
"/what-is-equivalent-to-9-38-fraction","Equivalent Fractions","9","38","9/38","0.236842105263","23.6842105263%","C","true","/what-is-equivalent-to-9-38-fraction","/9-38-as-a-percent-and-decimal"
"/9-38-as-a-percent-and-decimal","Percent and Decimal","9","38","9/38","0.236842105263","23.6842105263%","C","true","/9-38-as-a-percent-and-decimal","/what-is-equivalent-to-9-38-fraction"
"/what-is-equivalent-to-10-38-fraction","Equivalent Fractions","10","38","5/19","0.263157894737","26.3157894737%","C","true","/what-is-equivalent-to-10-38-fraction","/10-38-as-a-percent-and-decimal"
"/10-38-as-a-percent-and-decimal","Percent and Decimal","10","38","5/19","0.263157894737","26.3157894737%","C","true","/10-38-as-a-percent-and-decimal","/what-is-equivalent-to-10-38-fraction"
"/what-is-equivalent-to-11-38-fraction","Equivalent Fractions","11","38","11/38","0.289473684211","28.9473684211%","C","true","/what-is-equivalent-to-11-38-fraction","/11-38-as-a-percent-and-decimal"
"/11-38-as-a-percent-and-decimal","Percent and Decimal","11","38","11/38","0.289473684211","28.9473684211%","C","true","/11-38-as-a-percent-and-decimal","/what-is-equivalent-to-11-38-fraction"
"/what-is-equivalent-to-12-38-fraction","Equivalent Fractions","12","38","6/19","0.315789473684","31.5789473684%","C","true","/what-is-equivalent-to-12-38-fraction","/12-38-as-a-percent-and-decimal"
"/12-38-as-a-percent-and-decimal","Percent and Decimal","12","38","6/19","0.315789473684","31.5789473684%","C","true","/12-38-as-a-percent-and-decimal","/what-is-equivalent-to-12-38-fraction"
"/what-is-equivalent-to-1-39-fraction","Equivalent Fractions","1","39","1/39","0.025641025641","2.5641025641%","C","true","/what-is-equivalent-to-1-39-fraction","/1-39-as-a-percent-and-decimal"
"/1-39-as-a-percent-and-decimal","Percent and Decimal","1","39","1/39","0.025641025641","2.5641025641%","C","true","/1-39-as-a-percent-and-decimal","/what-is-equivalent-to-1-39-fraction"
"/what-is-equivalent-to-2-39-fraction","Equivalent Fractions","2","39","2/39","0.0512820512821","5.12820512821%","C","true","/what-is-equivalent-to-2-39-fraction","/2-39-as-a-percent-and-decimal"
"/2-39-as-a-percent-and-decimal","Percent and Decimal","2","39","2/39","0.0512820512821","5.12820512821%","C","true","/2-39-as-a-percent-and-decimal","/what-is-equivalent-to-2-39-fraction"
"/what-is-equivalent-to-3-39-fraction","Equivalent Fractions","3","39","1/13","0.0769230769231","7.69230769231%","C","true","/what-is-equivalent-to-3-39-fraction","/3-39-as-a-percent-and-decimal"
"/3-39-as-a-percent-and-decimal","Percent and Decimal","3","39","1/13","0.0769230769231","7.69230769231%","C","true","/3-39-as-a-percent-and-decimal","/what-is-equivalent-to-3-39-fraction"
"/what-is-equivalent-to-4-39-fraction","Equivalent Fractions","4","39","4/39","0.102564102564","10.2564102564%","C","true","/what-is-equivalent-to-4-39-fraction","/4-39-as-a-percent-and-decimal"
"/4-39-as-a-percent-and-decimal","Percent and Decimal","4","39","4/39","0.102564102564","10.2564102564%","C","true","/4-39-as-a-percent-and-decimal","/what-is-equivalent-to-4-39-fraction"
"/what-is-equivalent-to-5-39-fraction","Equivalent Fractions","5","39","5/39","0.128205128205","12.8205128205%","C","true","/what-is-equivalent-to-5-39-fraction","/5-39-as-a-percent-and-decimal"
"/5-39-as-a-percent-and-decimal","Percent and Decimal","5","39","5/39","0.128205128205","12.8205128205%","C","true","/5-39-as-a-percent-and-decimal","/what-is-equivalent-to-5-39-fraction"
"/what-is-equivalent-to-6-39-fraction","Equivalent Fractions","6","39","2/13","0.153846153846","15.3846153846%","C","true","/what-is-equivalent-to-6-39-fraction","/6-39-as-a-percent-and-decimal"
"/6-39-as-a-percent-and-decimal","Percent and Decimal","6","39","2/13","0.153846153846","15.3846153846%","C","true","/6-39-as-a-percent-and-decimal","/what-is-equivalent-to-6-39-fraction"
"/what-is-equivalent-to-7-39-fraction","Equivalent Fractions","7","39","7/39","0.179487179487","17.9487179487%","C","true","/what-is-equivalent-to-7-39-fraction","/7-39-as-a-percent-and-decimal"
"/7-39-as-a-percent-and-decimal","Percent and Decimal","7","39","7/39","0.179487179487","17.9487179487%","C","true","/7-39-as-a-percent-and-decimal","/what-is-equivalent-to-7-39-fraction"
"/what-is-equivalent-to-8-39-fraction","Equivalent Fractions","8","39","8/39","0.205128205128","20.5128205128%","C","true","/what-is-equivalent-to-8-39-fraction","/8-39-as-a-percent-and-decimal"
"/8-39-as-a-percent-and-decimal","Percent and Decimal","8","39","8/39","0.205128205128","20.5128205128%","C","true","/8-39-as-a-percent-and-decimal","/what-is-equivalent-to-8-39-fraction"
"/what-is-equivalent-to-9-39-fraction","Equivalent Fractions","9","39","3/13","0.230769230769","23.0769230769%","C","true","/what-is-equivalent-to-9-39-fraction","/9-39-as-a-percent-and-decimal"
"/9-39-as-a-percent-and-decimal","Percent and Decimal","9","39","3/13","0.230769230769","23.0769230769%","C","true","/9-39-as-a-percent-and-decimal","/what-is-equivalent-to-9-39-fraction"
"/what-is-equivalent-to-10-39-fraction","Equivalent Fractions","10","39","10/39","0.25641025641","25.641025641%","C","true","/what-is-equivalent-to-10-39-fraction","/10-39-as-a-percent-and-decimal"
"/10-39-as-a-percent-and-decimal","Percent and Decimal","10","39","10/39","0.25641025641","25.641025641%","C","true","/10-39-as-a-percent-and-decimal","/what-is-equivalent-to-10-39-fraction"
"/what-is-equivalent-to-11-39-fraction","Equivalent Fractions","11","39","11/39","0.282051282051","28.2051282051%","C","true","/what-is-equivalent-to-11-39-fraction","/11-39-as-a-percent-and-decimal"
"/11-39-as-a-percent-and-decimal","Percent and Decimal","11","39","11/39","0.282051282051","28.2051282051%","C","true","/11-39-as-a-percent-and-decimal","/what-is-equivalent-to-11-39-fraction"
"/what-is-equivalent-to-12-39-fraction","Equivalent Fractions","12","39","4/13","0.307692307692","30.7692307692%","C","true","/what-is-equivalent-to-12-39-fraction","/12-39-as-a-percent-and-decimal"
"/12-39-as-a-percent-and-decimal","Percent and Decimal","12","39","4/13","0.307692307692","30.7692307692%","C","true","/12-39-as-a-percent-and-decimal","/what-is-equivalent-to-12-39-fraction"
"/what-is-equivalent-to-1-40-fraction","Equivalent Fractions","1","40","1/40","0.025","2.5%","A","true","/what-is-equivalent-to-1-40-fraction","/1-40-as-a-percent-and-decimal"
"/1-40-as-a-percent-and-decimal","Percent and Decimal","1","40","1/40","0.025","2.5%","A","true","/1-40-as-a-percent-and-decimal","/what-is-equivalent-to-1-40-fraction"
"/what-is-equivalent-to-2-40-fraction","Equivalent Fractions","2","40","1/20","0.05","5%","B","true","/what-is-equivalent-to-2-40-fraction","/2-40-as-a-percent-and-decimal"
"/2-40-as-a-percent-and-decimal","Percent and Decimal","2","40","1/20","0.05","5%","B","true","/2-40-as-a-percent-and-decimal","/what-is-equivalent-to-2-40-fraction"
"/what-is-equivalent-to-3-40-fraction","Equivalent Fractions","3","40","3/40","0.075","7.5%","B","true","/what-is-equivalent-to-3-40-fraction","/3-40-as-a-percent-and-decimal"
"/3-40-as-a-percent-and-decimal","Percent and Decimal","3","40","3/40","0.075","7.5%","B","true","/3-40-as-a-percent-and-decimal","/what-is-equivalent-to-3-40-fraction"
"/what-is-equivalent-to-6-40-fraction","Equivalent Fractions","6","40","3/20","0.15","15%","B","true","/what-is-equivalent-to-6-40-fraction","/6-40-as-a-percent-and-decimal"
"/6-40-as-a-percent-and-decimal","Percent and Decimal","6","40","3/20","0.15","15%","B","true","/6-40-as-a-percent-and-decimal","/what-is-equivalent-to-6-40-fraction"
"/what-is-equivalent-to-7-40-fraction","Equivalent Fractions","7","40","7/40","0.175","17.5%","B","true","/what-is-equivalent-to-7-40-fraction","/7-40-as-a-percent-and-decimal"
"/7-40-as-a-percent-and-decimal","Percent and Decimal","7","40","7/40","0.175","17.5%","B","true","/7-40-as-a-percent-and-decimal","/what-is-equivalent-to-7-40-fraction"
"/what-is-equivalent-to-9-40-fraction","Equivalent Fractions","9","40","9/40","0.225","22.5%","B","true","/what-is-equivalent-to-9-40-fraction","/9-40-as-a-percent-and-decimal"
"/9-40-as-a-percent-and-decimal","Percent and Decimal","9","40","9/40","0.225","22.5%","B","true","/9-40-as-a-percent-and-decimal","/what-is-equivalent-to-9-40-fraction"
"/what-is-equivalent-to-11-40-fraction","Equivalent Fractions","11","40","11/40","0.275","27.5%","B","true","/what-is-equivalent-to-11-40-fraction","/11-40-as-a-percent-and-decimal"
"/11-40-as-a-percent-and-decimal","Percent and Decimal","11","40","11/40","0.275","27.5%","B","true","/11-40-as-a-percent-and-decimal","/what-is-equivalent-to-11-40-fraction"
"/what-is-equivalent-to-13-40-fraction","Equivalent Fractions","13","40","13/40","0.325","32.5%","B","true","/what-is-equivalent-to-13-40-fraction","/13-40-as-a-percent-and-decimal"
"/13-40-as-a-percent-and-decimal","Percent and Decimal","13","40","13/40","0.325","32.5%","B","true","/13-40-as-a-percent-and-decimal","/what-is-equivalent-to-13-40-fraction"
"/what-is-equivalent-to-14-40-fraction","Equivalent Fractions","14","40","7/20","0.35","35%","B","true","/what-is-equivalent-to-14-40-fraction","/14-40-as-a-percent-and-decimal"
"/14-40-as-a-percent-and-decimal","Percent and Decimal","14","40","7/20","0.35","35%","B","true","/14-40-as-a-percent-and-decimal","/what-is-equivalent-to-14-40-fraction"
"/what-is-equivalent-to-17-40-fraction","Equivalent Fractions","17","40","17/40","0.425","42.5%","B","true","/what-is-equivalent-to-17-40-fraction","/17-40-as-a-percent-and-decimal"
"/17-40-as-a-percent-and-decimal","Percent and Decimal","17","40","17/40","0.425","42.5%","B","true","/17-40-as-a-percent-and-decimal","/what-is-equivalent-to-17-40-fraction"
"/what-is-equivalent-to-18-40-fraction","Equivalent Fractions","18","40","9/20","0.45","45%","B","true","/what-is-equivalent-to-18-40-fraction","/18-40-as-a-percent-and-decimal"
"/18-40-as-a-percent-and-decimal","Percent and Decimal","18","40","9/20","0.45","45%","B","true","/18-40-as-a-percent-and-decimal","/what-is-equivalent-to-18-40-fraction"
"/what-is-equivalent-to-19-40-fraction","Equivalent Fractions","19","40","19/40","0.475","47.5%","B","true","/what-is-equivalent-to-19-40-fraction","/19-40-as-a-percent-and-decimal"
"/19-40-as-a-percent-and-decimal","Percent and Decimal","19","40","19/40","0.475","47.5%","B","true","/19-40-as-a-percent-and-decimal","/what-is-equivalent-to-19-40-fraction"
"/what-is-equivalent-to-21-40-fraction","Equivalent Fractions","21","40","21/40","0.525","52.5%","B","true","/what-is-equivalent-to-21-40-fraction","/21-40-as-a-percent-and-decimal"
"/21-40-as-a-percent-and-decimal","Percent and Decimal","21","40","21/40","0.525","52.5%","B","true","/21-40-as-a-percent-and-decimal","/what-is-equivalent-to-21-40-fraction"
"/what-is-equivalent-to-22-40-fraction","Equivalent Fractions","22","40","11/20","0.55","55%","B","true","/what-is-equivalent-to-22-40-fraction","/22-40-as-a-percent-and-decimal"
"/22-40-as-a-percent-and-decimal","Percent and Decimal","22","40","11/20","0.55","55%","B","true","/22-40-as-a-percent-and-decimal","/what-is-equivalent-to-22-40-fraction"
"/what-is-equivalent-to-23-40-fraction","Equivalent Fractions","23","40","23/40","0.575","57.5%","C","true","/what-is-equivalent-to-23-40-fraction","/23-40-as-a-percent-and-decimal"
"/23-40-as-a-percent-and-decimal","Percent and Decimal","23","40","23/40","0.575","57.5%","C","true","/23-40-as-a-percent-and-decimal","/what-is-equivalent-to-23-40-fraction"
"/what-is-equivalent-to-26-40-fraction","Equivalent Fractions","26","40","13/20","0.65","65%","B","true","/what-is-equivalent-to-26-40-fraction","/26-40-as-a-percent-and-decimal"
"/26-40-as-a-percent-and-decimal","Percent and Decimal","26","40","13/20","0.65","65%","B","true","/26-40-as-a-percent-and-decimal","/what-is-equivalent-to-26-40-fraction"
"/what-is-equivalent-to-27-40-fraction","Equivalent Fractions","27","40","27/40","0.675","67.5%","C","true","/what-is-equivalent-to-27-40-fraction","/27-40-as-a-percent-and-decimal"
"/27-40-as-a-percent-and-decimal","Percent and Decimal","27","40","27/40","0.675","67.5%","C","true","/27-40-as-a-percent-and-decimal","/what-is-equivalent-to-27-40-fraction"
"/what-is-equivalent-to-29-40-fraction","Equivalent Fractions","29","40","29/40","0.725","72.5%","C","true","/what-is-equivalent-to-29-40-fraction","/29-40-as-a-percent-and-decimal"
"/29-40-as-a-percent-and-decimal","Percent and Decimal","29","40","29/40","0.725","72.5%","C","true","/29-40-as-a-percent-and-decimal","/what-is-equivalent-to-29-40-fraction"
"/what-is-equivalent-to-31-40-fraction","Equivalent Fractions","31","40","31/40","0.775","77.5%","C","true","/what-is-equivalent-to-31-40-fraction","/31-40-as-a-percent-and-decimal"
"/31-40-as-a-percent-and-decimal","Percent and Decimal","31","40","31/40","0.775","77.5%","C","true","/31-40-as-a-percent-and-decimal","/what-is-equivalent-to-31-40-fraction"
"/what-is-equivalent-to-33-40-fraction","Equivalent Fractions","33","40","33/40","0.825","82.5%","C","true","/what-is-equivalent-to-33-40-fraction","/33-40-as-a-percent-and-decimal"
"/33-40-as-a-percent-and-decimal","Percent and Decimal","33","40","33/40","0.825","82.5%","C","true","/33-40-as-a-percent-and-decimal","/what-is-equivalent-to-33-40-fraction"
"/what-is-equivalent-to-34-40-fraction","Equivalent Fractions","34","40","17/20","0.85","85%","B","true","/what-is-equivalent-to-34-40-fraction","/34-40-as-a-percent-and-decimal"
"/34-40-as-a-percent-and-decimal","Percent and Decimal","34","40","17/20","0.85","85%","B","true","/34-40-as-a-percent-and-decimal","/what-is-equivalent-to-34-40-fraction"
"/what-is-equivalent-to-37-40-fraction","Equivalent Fractions","37","40","37/40","0.925","92.5%","C","true","/what-is-equivalent-to-37-40-fraction","/37-40-as-a-percent-and-decimal"
"/37-40-as-a-percent-and-decimal","Percent and Decimal","37","40","37/40","0.925","92.5%","C","true","/37-40-as-a-percent-and-decimal","/what-is-equivalent-to-37-40-fraction"
"/what-is-equivalent-to-38-40-fraction","Equivalent Fractions","38","40","19/20","0.95","95%","B","true","/what-is-equivalent-to-38-40-fraction","/38-40-as-a-percent-and-decimal"
"/38-40-as-a-percent-and-decimal","Percent and Decimal","38","40","19/20","0.95","95%","B","true","/38-40-as-a-percent-and-decimal","/what-is-equivalent-to-38-40-fraction"
"/what-is-equivalent-to-39-40-fraction","Equivalent Fractions","39","40","39/40","0.975","97.5%","C","true","/what-is-equivalent-to-39-40-fraction","/39-40-as-a-percent-and-decimal"
"/39-40-as-a-percent-and-decimal","Percent and Decimal","39","40","39/40","0.975","97.5%","C","true","/39-40-as-a-percent-and-decimal","/what-is-equivalent-to-39-40-fraction"
"/what-is-equivalent-to-41-40-fraction","Equivalent Fractions","41","40","41/40","1.025","102.5%","C","true","/what-is-equivalent-to-41-40-fraction","/41-40-as-a-percent-and-decimal"
"/41-40-as-a-percent-and-decimal","Percent and Decimal","41","40","41/40","1.025","102.5%","C","true","/41-40-as-a-percent-and-decimal","/what-is-equivalent-to-41-40-fraction"
"/what-is-equivalent-to-42-40-fraction","Equivalent Fractions","42","40","21/20","1.05","105%","B","true","/what-is-equivalent-to-42-40-fraction","/42-40-as-a-percent-and-decimal"
"/42-40-as-a-percent-and-decimal","Percent and Decimal","42","40","21/20","1.05","105%","B","true","/42-40-as-a-percent-and-decimal","/what-is-equivalent-to-42-40-fraction"
"/what-is-equivalent-to-43-40-fraction","Equivalent Fractions","43","40","43/40","1.075","107.5%","C","true","/what-is-equivalent-to-43-40-fraction","/43-40-as-a-percent-and-decimal"
"/43-40-as-a-percent-and-decimal","Percent and Decimal","43","40","43/40","1.075","107.5%","C","true","/43-40-as-a-percent-and-decimal","/what-is-equivalent-to-43-40-fraction"
"/what-is-equivalent-to-46-40-fraction","Equivalent Fractions","46","40","23/20","1.15","115%","C","true","/what-is-equivalent-to-46-40-fraction","/46-40-as-a-percent-and-decimal"
"/46-40-as-a-percent-and-decimal","Percent and Decimal","46","40","23/20","1.15","115%","C","true","/46-40-as-a-percent-and-decimal","/what-is-equivalent-to-46-40-fraction"
"/what-is-equivalent-to-47-40-fraction","Equivalent Fractions","47","40","47/40","1.175","117.5%","C","true","/what-is-equivalent-to-47-40-fraction","/47-40-as-a-percent-and-decimal"
"/47-40-as-a-percent-and-decimal","Percent and Decimal","47","40","47/40","1.175","117.5%","C","true","/47-40-as-a-percent-and-decimal","/what-is-equivalent-to-47-40-fraction"
"/what-is-equivalent-to-49-40-fraction","Equivalent Fractions","49","40","49/40","1.225","122.5%","C","true","/what-is-equivalent-to-49-40-fraction","/49-40-as-a-percent-and-decimal"
"/49-40-as-a-percent-and-decimal","Percent and Decimal","49","40","49/40","1.225","122.5%","C","true","/49-40-as-a-percent-and-decimal","/what-is-equivalent-to-49-40-fraction"
"/what-is-equivalent-to-51-40-fraction","Equivalent Fractions","51","40","51/40","1.275","127.5%","C","true","/what-is-equivalent-to-51-40-fraction","/51-40-as-a-percent-and-decimal"
"/51-40-as-a-percent-and-decimal","Percent and Decimal","51","40","51/40","1.275","127.5%","C","true","/51-40-as-a-percent-and-decimal","/what-is-equivalent-to-51-40-fraction"
"/what-is-equivalent-to-53-40-fraction","Equivalent Fractions","53","40","53/40","1.325","132.5%","C","true","/what-is-equivalent-to-53-40-fraction","/53-40-as-a-percent-and-decimal"
"/53-40-as-a-percent-and-decimal","Percent and Decimal","53","40","53/40","1.325","132.5%","C","true","/53-40-as-a-percent-and-decimal","/what-is-equivalent-to-53-40-fraction"
"/what-is-equivalent-to-54-40-fraction","Equivalent Fractions","54","40","27/20","1.35","135%","B","true","/what-is-equivalent-to-54-40-fraction","/54-40-as-a-percent-and-decimal"
"/54-40-as-a-percent-and-decimal","Percent and Decimal","54","40","27/20","1.35","135%","B","true","/54-40-as-a-percent-and-decimal","/what-is-equivalent-to-54-40-fraction"
"/what-is-equivalent-to-57-40-fraction","Equivalent Fractions","57","40","57/40","1.425","142.5%","C","true","/what-is-equivalent-to-57-40-fraction","/57-40-as-a-percent-and-decimal"
"/57-40-as-a-percent-and-decimal","Percent and Decimal","57","40","57/40","1.425","142.5%","C","true","/57-40-as-a-percent-and-decimal","/what-is-equivalent-to-57-40-fraction"
"/what-is-equivalent-to-58-40-fraction","Equivalent Fractions","58","40","29/20","1.45","145%","B","true","/what-is-equivalent-to-58-40-fraction","/58-40-as-a-percent-and-decimal"
"/58-40-as-a-percent-and-decimal","Percent and Decimal","58","40","29/20","1.45","145%","B","true","/58-40-as-a-percent-and-decimal","/what-is-equivalent-to-58-40-fraction"
"/what-is-equivalent-to-59-40-fraction","Equivalent Fractions","59","40","59/40","1.475","147.5%","C","true","/what-is-equivalent-to-59-40-fraction","/59-40-as-a-percent-and-decimal"
"/59-40-as-a-percent-and-decimal","Percent and Decimal","59","40","59/40","1.475","147.5%","C","true","/59-40-as-a-percent-and-decimal","/what-is-equivalent-to-59-40-fraction"
"/what-is-equivalent-to-61-40-fraction","Equivalent Fractions","61","40","61/40","1.525","152.5%","C","true","/what-is-equivalent-to-61-40-fraction","/61-40-as-a-percent-and-decimal"
"/61-40-as-a-percent-and-decimal","Percent and Decimal","61","40","61/40","1.525","152.5%","C","true","/61-40-as-a-percent-and-decimal","/what-is-equivalent-to-61-40-fraction"
"/what-is-equivalent-to-62-40-fraction","Equivalent Fractions","62","40","31/20","1.55","155%","B","true","/what-is-equivalent-to-62-40-fraction","/62-40-as-a-percent-and-decimal"
"/62-40-as-a-percent-and-decimal","Percent and Decimal","62","40","31/20","1.55","155%","B","true","/62-40-as-a-percent-and-decimal","/what-is-equivalent-to-62-40-fraction"
"/what-is-equivalent-to-63-40-fraction","Equivalent Fractions","63","40","63/40","1.575","157.5%","C","true","/what-is-equivalent-to-63-40-fraction","/63-40-as-a-percent-and-decimal"
"/63-40-as-a-percent-and-decimal","Percent and Decimal","63","40","63/40","1.575","157.5%","C","true","/63-40-as-a-percent-and-decimal","/what-is-equivalent-to-63-40-fraction"
"/what-is-equivalent-to-66-40-fraction","Equivalent Fractions","66","40","33/20","1.65","165%","B","true","/what-is-equivalent-to-66-40-fraction","/66-40-as-a-percent-and-decimal"
"/66-40-as-a-percent-and-decimal","Percent and Decimal","66","40","33/20","1.65","165%","B","true","/66-40-as-a-percent-and-decimal","/what-is-equivalent-to-66-40-fraction"
"/what-is-equivalent-to-67-40-fraction","Equivalent Fractions","67","40","67/40","1.675","167.5%","C","true","/what-is-equivalent-to-67-40-fraction","/67-40-as-a-percent-and-decimal"
"/67-40-as-a-percent-and-decimal","Percent and Decimal","67","40","67/40","1.675","167.5%","C","true","/67-40-as-a-percent-and-decimal","/what-is-equivalent-to-67-40-fraction"
"/what-is-equivalent-to-69-40-fraction","Equivalent Fractions","69","40","69/40","1.725","172.5%","C","true","/what-is-equivalent-to-69-40-fraction","/69-40-as-a-percent-and-decimal"
"/69-40-as-a-percent-and-decimal","Percent and Decimal","69","40","69/40","1.725","172.5%","C","true","/69-40-as-a-percent-and-decimal","/what-is-equivalent-to-69-40-fraction"
"/what-is-equivalent-to-71-40-fraction","Equivalent Fractions","71","40","71/40","1.775","177.5%","C","true","/what-is-equivalent-to-71-40-fraction","/71-40-as-a-percent-and-decimal"
"/71-40-as-a-percent-and-decimal","Percent and Decimal","71","40","71/40","1.775","177.5%","C","true","/71-40-as-a-percent-and-decimal","/what-is-equivalent-to-71-40-fraction"
"/what-is-equivalent-to-1-41-fraction","Equivalent Fractions","1","41","1/41","0.0243902439024","2.43902439024%","C","true","/what-is-equivalent-to-1-41-fraction","/1-41-as-a-percent-and-decimal"
"/1-41-as-a-percent-and-decimal","Percent and Decimal","1","41","1/41","0.0243902439024","2.43902439024%","C","true","/1-41-as-a-percent-and-decimal","/what-is-equivalent-to-1-41-fraction"
"/what-is-equivalent-to-1-42-fraction","Equivalent Fractions","1","42","1/42","0.0238095238095","2.38095238095%","C","true","/what-is-equivalent-to-1-42-fraction","/1-42-as-a-percent-and-decimal"
"/1-42-as-a-percent-and-decimal","Percent and Decimal","1","42","1/42","0.0238095238095","2.38095238095%","C","true","/1-42-as-a-percent-and-decimal","/what-is-equivalent-to-1-42-fraction"
"/what-is-equivalent-to-1-43-fraction","Equivalent Fractions","1","43","1/43","0.0232558139535","2.32558139535%","C","true","/what-is-equivalent-to-1-43-fraction","/1-43-as-a-percent-and-decimal"
"/1-43-as-a-percent-and-decimal","Percent and Decimal","1","43","1/43","0.0232558139535","2.32558139535%","C","true","/1-43-as-a-percent-and-decimal","/what-is-equivalent-to-1-43-fraction"
"/what-is-equivalent-to-1-44-fraction","Equivalent Fractions","1","44","1/44","0.0227272727273","2.27272727273%","C","true","/what-is-equivalent-to-1-44-fraction","/1-44-as-a-percent-and-decimal"
"/1-44-as-a-percent-and-decimal","Percent and Decimal","1","44","1/44","0.0227272727273","2.27272727273%","C","true","/1-44-as-a-percent-and-decimal","/what-is-equivalent-to-1-44-fraction"
"/what-is-equivalent-to-1-45-fraction","Equivalent Fractions","1","45","1/45","0.0222222222222","2.22222222222%","C","true","/what-is-equivalent-to-1-45-fraction","/1-45-as-a-percent-and-decimal"
"/1-45-as-a-percent-and-decimal","Percent and Decimal","1","45","1/45","0.0222222222222","2.22222222222%","C","true","/1-45-as-a-percent-and-decimal","/what-is-equivalent-to-1-45-fraction"
"/what-is-equivalent-to-1-46-fraction","Equivalent Fractions","1","46","1/46","0.0217391304348","2.17391304348%","C","true","/what-is-equivalent-to-1-46-fraction","/1-46-as-a-percent-and-decimal"
"/1-46-as-a-percent-and-decimal","Percent and Decimal","1","46","1/46","0.0217391304348","2.17391304348%","C","true","/1-46-as-a-percent-and-decimal","/what-is-equivalent-to-1-46-fraction"
"/what-is-equivalent-to-1-47-fraction","Equivalent Fractions","1","47","1/47","0.0212765957447","2.12765957447%","C","true","/what-is-equivalent-to-1-47-fraction","/1-47-as-a-percent-and-decimal"
"/1-47-as-a-percent-and-decimal","Percent and Decimal","1","47","1/47","0.0212765957447","2.12765957447%","C","true","/1-47-as-a-percent-and-decimal","/what-is-equivalent-to-1-47-fraction"
"/what-is-equivalent-to-1-48-fraction","Equivalent Fractions","1","48","1/48","0.0208333333333","2.08333333333%","C","true","/what-is-equivalent-to-1-48-fraction","/1-48-as-a-percent-and-decimal"
"/1-48-as-a-percent-and-decimal","Percent and Decimal","1","48","1/48","0.0208333333333","2.08333333333%","C","true","/1-48-as-a-percent-and-decimal","/what-is-equivalent-to-1-48-fraction"
"/what-is-equivalent-to-3-48-fraction","Equivalent Fractions","3","48","1/16","0.0625","6.25%","C","true","/what-is-equivalent-to-3-48-fraction","/3-48-as-a-percent-and-decimal"
"/3-48-as-a-percent-and-decimal","Percent and Decimal","3","48","1/16","0.0625","6.25%","C","true","/3-48-as-a-percent-and-decimal","/what-is-equivalent-to-3-48-fraction"
"/what-is-equivalent-to-9-48-fraction","Equivalent Fractions","9","48","3/16","0.1875","18.75%","C","true","/what-is-equivalent-to-9-48-fraction","/9-48-as-a-percent-and-decimal"
"/9-48-as-a-percent-and-decimal","Percent and Decimal","9","48","3/16","0.1875","18.75%","C","true","/9-48-as-a-percent-and-decimal","/what-is-equivalent-to-9-48-fraction"
"/what-is-equivalent-to-15-48-fraction","Equivalent Fractions","15","48","5/16","0.3125","31.25%","C","true","/what-is-equivalent-to-15-48-fraction","/15-48-as-a-percent-and-decimal"
"/15-48-as-a-percent-and-decimal","Percent and Decimal","15","48","5/16","0.3125","31.25%","C","true","/15-48-as-a-percent-and-decimal","/what-is-equivalent-to-15-48-fraction"
"/what-is-equivalent-to-21-48-fraction","Equivalent Fractions","21","48","7/16","0.4375","43.75%","C","true","/what-is-equivalent-to-21-48-fraction","/21-48-as-a-percent-and-decimal"
"/21-48-as-a-percent-and-decimal","Percent and Decimal","21","48","7/16","0.4375","43.75%","C","true","/21-48-as-a-percent-and-decimal","/what-is-equivalent-to-21-48-fraction"
"/what-is-equivalent-to-1-49-fraction","Equivalent Fractions","1","49","1/49","0.0204081632653","2.04081632653%","C","true","/what-is-equivalent-to-1-49-fraction","/1-49-as-a-percent-and-decimal"
"/1-49-as-a-percent-and-decimal","Percent and Decimal","1","49","1/49","0.0204081632653","2.04081632653%","C","true","/1-49-as-a-percent-and-decimal","/what-is-equivalent-to-1-49-fraction"
"/what-is-equivalent-to-1-50-fraction","Equivalent Fractions","1","50","1/50","0.02","2%","A","true","/what-is-equivalent-to-1-50-fraction","/1-50-as-a-percent-and-decimal"
"/1-50-as-a-percent-and-decimal","Percent and Decimal","1","50","1/50","0.02","2%","A","true","/1-50-as-a-percent-and-decimal","/what-is-equivalent-to-1-50-fraction"
"/what-is-equivalent-to-2-50-fraction","Equivalent Fractions","2","50","1/25","0.04","4%","A","true","/what-is-equivalent-to-2-50-fraction","/2-50-as-a-percent-and-decimal"
"/2-50-as-a-percent-and-decimal","Percent and Decimal","2","50","1/25","0.04","4%","A","true","/2-50-as-a-percent-and-decimal","/what-is-equivalent-to-2-50-fraction"
"/what-is-equivalent-to-3-50-fraction","Equivalent Fractions","3","50","3/50","0.06","6%","A","true","/what-is-equivalent-to-3-50-fraction","/3-50-as-a-percent-and-decimal"
"/3-50-as-a-percent-and-decimal","Percent and Decimal","3","50","3/50","0.06","6%","A","true","/3-50-as-a-percent-and-decimal","/what-is-equivalent-to-3-50-fraction"
"/what-is-equivalent-to-4-50-fraction","Equivalent Fractions","4","50","2/25","0.08","8%","A","true","/what-is-equivalent-to-4-50-fraction","/4-50-as-a-percent-and-decimal"
"/4-50-as-a-percent-and-decimal","Percent and Decimal","4","50","2/25","0.08","8%","A","true","/4-50-as-a-percent-and-decimal","/what-is-equivalent-to-4-50-fraction"
"/what-is-equivalent-to-5-50-fraction","Equivalent Fractions","5","50","1/10","0.1","10%","A","true","/what-is-equivalent-to-5-50-fraction","/5-50-as-a-percent-and-decimal"
"/5-50-as-a-percent-and-decimal","Percent and Decimal","5","50","1/10","0.1","10%","A","true","/5-50-as-a-percent-and-decimal","/what-is-equivalent-to-5-50-fraction"
"/what-is-equivalent-to-6-50-fraction","Equivalent Fractions","6","50","3/25","0.12","12%","A","true","/what-is-equivalent-to-6-50-fraction","/6-50-as-a-percent-and-decimal"
"/6-50-as-a-percent-and-decimal","Percent and Decimal","6","50","3/25","0.12","12%","A","true","/6-50-as-a-percent-and-decimal","/what-is-equivalent-to-6-50-fraction"
"/what-is-equivalent-to-7-50-fraction","Equivalent Fractions","7","50","7/50","0.14","14%","B","true","/what-is-equivalent-to-7-50-fraction","/7-50-as-a-percent-and-decimal"
"/7-50-as-a-percent-and-decimal","Percent and Decimal","7","50","7/50","0.14","14%","B","true","/7-50-as-a-percent-and-decimal","/what-is-equivalent-to-7-50-fraction"
"/what-is-equivalent-to-8-50-fraction","Equivalent Fractions","8","50","4/25","0.16","16%","A","true","/what-is-equivalent-to-8-50-fraction","/8-50-as-a-percent-and-decimal"
"/8-50-as-a-percent-and-decimal","Percent and Decimal","8","50","4/25","0.16","16%","A","true","/8-50-as-a-percent-and-decimal","/what-is-equivalent-to-8-50-fraction"
"/what-is-equivalent-to-9-50-fraction","Equivalent Fractions","9","50","9/50","0.18","18%","A","true","/what-is-equivalent-to-9-50-fraction","/9-50-as-a-percent-and-decimal"
"/9-50-as-a-percent-and-decimal","Percent and Decimal","9","50","9/50","0.18","18%","A","true","/9-50-as-a-percent-and-decimal","/what-is-equivalent-to-9-50-fraction"
"/what-is-equivalent-to-11-50-fraction","Equivalent Fractions","11","50","11/50","0.22","22%","A","true","/what-is-equivalent-to-11-50-fraction","/11-50-as-a-percent-and-decimal"
"/11-50-as-a-percent-and-decimal","Percent and Decimal","11","50","11/50","0.22","22%","A","true","/11-50-as-a-percent-and-decimal","/what-is-equivalent-to-11-50-fraction"
"/what-is-equivalent-to-12-50-fraction","Equivalent Fractions","12","50","6/25","0.24","24%","A","true","/what-is-equivalent-to-12-50-fraction","/12-50-as-a-percent-and-decimal"
"/12-50-as-a-percent-and-decimal","Percent and Decimal","12","50","6/25","0.24","24%","A","true","/12-50-as-a-percent-and-decimal","/what-is-equivalent-to-12-50-fraction"
"/what-is-equivalent-to-13-50-fraction","Equivalent Fractions","13","50","13/50","0.26","26%","A","true","/what-is-equivalent-to-13-50-fraction","/13-50-as-a-percent-and-decimal"
"/13-50-as-a-percent-and-decimal","Percent and Decimal","13","50","13/50","0.26","26%","A","true","/13-50-as-a-percent-and-decimal","/what-is-equivalent-to-13-50-fraction"
"/what-is-equivalent-to-14-50-fraction","Equivalent Fractions","14","50","7/25","0.28","28%","B","true","/what-is-equivalent-to-14-50-fraction","/14-50-as-a-percent-and-decimal"
"/14-50-as-a-percent-and-decimal","Percent and Decimal","14","50","7/25","0.28","28%","B","true","/14-50-as-a-percent-and-decimal","/what-is-equivalent-to-14-50-fraction"
"/what-is-equivalent-to-15-50-fraction","Equivalent Fractions","15","50","3/10","0.3","30%","A","true","/what-is-equivalent-to-15-50-fraction","/15-50-as-a-percent-and-decimal"
"/15-50-as-a-percent-and-decimal","Percent and Decimal","15","50","3/10","0.3","30%","A","true","/15-50-as-a-percent-and-decimal","/what-is-equivalent-to-15-50-fraction"
"/what-is-equivalent-to-16-50-fraction","Equivalent Fractions","16","50","8/25","0.32","32%","A","true","/what-is-equivalent-to-16-50-fraction","/16-50-as-a-percent-and-decimal"
"/16-50-as-a-percent-and-decimal","Percent and Decimal","16","50","8/25","0.32","32%","A","true","/16-50-as-a-percent-and-decimal","/what-is-equivalent-to-16-50-fraction"
"/what-is-equivalent-to-17-50-fraction","Equivalent Fractions","17","50","17/50","0.34","34%","A","true","/what-is-equivalent-to-17-50-fraction","/17-50-as-a-percent-and-decimal"
"/17-50-as-a-percent-and-decimal","Percent and Decimal","17","50","17/50","0.34","34%","A","true","/17-50-as-a-percent-and-decimal","/what-is-equivalent-to-17-50-fraction"
"/what-is-equivalent-to-18-50-fraction","Equivalent Fractions","18","50","9/25","0.36","36%","A","true","/what-is-equivalent-to-18-50-fraction","/18-50-as-a-percent-and-decimal"
"/18-50-as-a-percent-and-decimal","Percent and Decimal","18","50","9/25","0.36","36%","A","true","/18-50-as-a-percent-and-decimal","/what-is-equivalent-to-18-50-fraction"
"/what-is-equivalent-to-19-50-fraction","Equivalent Fractions","19","50","19/50","0.38","38%","A","true","/what-is-equivalent-to-19-50-fraction","/19-50-as-a-percent-and-decimal"
"/19-50-as-a-percent-and-decimal","Percent and Decimal","19","50","19/50","0.38","38%","A","true","/19-50-as-a-percent-and-decimal","/what-is-equivalent-to-19-50-fraction"
"/what-is-equivalent-to-21-50-fraction","Equivalent Fractions","21","50","21/50","0.42","42%","A","true","/what-is-equivalent-to-21-50-fraction","/21-50-as-a-percent-and-decimal"
"/21-50-as-a-percent-and-decimal","Percent and Decimal","21","50","21/50","0.42","42%","A","true","/21-50-as-a-percent-and-decimal","/what-is-equivalent-to-21-50-fraction"
"/what-is-equivalent-to-22-50-fraction","Equivalent Fractions","22","50","11/25","0.44","44%","A","true","/what-is-equivalent-to-22-50-fraction","/22-50-as-a-percent-and-decimal"
"/22-50-as-a-percent-and-decimal","Percent and Decimal","22","50","11/25","0.44","44%","A","true","/22-50-as-a-percent-and-decimal","/what-is-equivalent-to-22-50-fraction"
"/what-is-equivalent-to-23-50-fraction","Equivalent Fractions","23","50","23/50","0.46","46%","A","true","/what-is-equivalent-to-23-50-fraction","/23-50-as-a-percent-and-decimal"
"/23-50-as-a-percent-and-decimal","Percent and Decimal","23","50","23/50","0.46","46%","A","true","/23-50-as-a-percent-and-decimal","/what-is-equivalent-to-23-50-fraction"
"/what-is-equivalent-to-24-50-fraction","Equivalent Fractions","24","50","12/25","0.48","48%","A","true","/what-is-equivalent-to-24-50-fraction","/24-50-as-a-percent-and-decimal"
"/24-50-as-a-percent-and-decimal","Percent and Decimal","24","50","12/25","0.48","48%","A","true","/24-50-as-a-percent-and-decimal","/what-is-equivalent-to-24-50-fraction"
"/what-is-equivalent-to-26-50-fraction","Equivalent Fractions","26","50","13/25","0.52","52%","B","true","/what-is-equivalent-to-26-50-fraction","/26-50-as-a-percent-and-decimal"
"/26-50-as-a-percent-and-decimal","Percent and Decimal","26","50","13/25","0.52","52%","B","true","/26-50-as-a-percent-and-decimal","/what-is-equivalent-to-26-50-fraction"
"/what-is-equivalent-to-27-50-fraction","Equivalent Fractions","27","50","27/50","0.54","54%","B","true","/what-is-equivalent-to-27-50-fraction","/27-50-as-a-percent-and-decimal"
"/27-50-as-a-percent-and-decimal","Percent and Decimal","27","50","27/50","0.54","54%","B","true","/27-50-as-a-percent-and-decimal","/what-is-equivalent-to-27-50-fraction"
"/what-is-equivalent-to-28-50-fraction","Equivalent Fractions","28","50","14/25","0.56","56%","B","true","/what-is-equivalent-to-28-50-fraction","/28-50-as-a-percent-and-decimal"
"/28-50-as-a-percent-and-decimal","Percent and Decimal","28","50","14/25","0.56","56%","B","true","/28-50-as-a-percent-and-decimal","/what-is-equivalent-to-28-50-fraction"
"/what-is-equivalent-to-29-50-fraction","Equivalent Fractions","29","50","29/50","0.58","58%","B","true","/what-is-equivalent-to-29-50-fraction","/29-50-as-a-percent-and-decimal"
"/29-50-as-a-percent-and-decimal","Percent and Decimal","29","50","29/50","0.58","58%","B","true","/29-50-as-a-percent-and-decimal","/what-is-equivalent-to-29-50-fraction"
"/what-is-equivalent-to-31-50-fraction","Equivalent Fractions","31","50","31/50","0.62","62%","B","true","/what-is-equivalent-to-31-50-fraction","/31-50-as-a-percent-and-decimal"
"/31-50-as-a-percent-and-decimal","Percent and Decimal","31","50","31/50","0.62","62%","B","true","/31-50-as-a-percent-and-decimal","/what-is-equivalent-to-31-50-fraction"
"/what-is-equivalent-to-32-50-fraction","Equivalent Fractions","32","50","16/25","0.64","64%","B","true","/what-is-equivalent-to-32-50-fraction","/32-50-as-a-percent-and-decimal"
"/32-50-as-a-percent-and-decimal","Percent and Decimal","32","50","16/25","0.64","64%","B","true","/32-50-as-a-percent-and-decimal","/what-is-equivalent-to-32-50-fraction"
"/what-is-equivalent-to-33-50-fraction","Equivalent Fractions","33","50","33/50","0.66","66%","B","true","/what-is-equivalent-to-33-50-fraction","/33-50-as-a-percent-and-decimal"
"/33-50-as-a-percent-and-decimal","Percent and Decimal","33","50","33/50","0.66","66%","B","true","/33-50-as-a-percent-and-decimal","/what-is-equivalent-to-33-50-fraction"
"/what-is-equivalent-to-34-50-fraction","Equivalent Fractions","34","50","17/25","0.68","68%","B","true","/what-is-equivalent-to-34-50-fraction","/34-50-as-a-percent-and-decimal"
"/34-50-as-a-percent-and-decimal","Percent and Decimal","34","50","17/25","0.68","68%","B","true","/34-50-as-a-percent-and-decimal","/what-is-equivalent-to-34-50-fraction"
"/what-is-equivalent-to-35-50-fraction","Equivalent Fractions","35","50","7/10","0.7","70%","A","true","/what-is-equivalent-to-35-50-fraction","/35-50-as-a-percent-and-decimal"
"/35-50-as-a-percent-and-decimal","Percent and Decimal","35","50","7/10","0.7","70%","A","true","/35-50-as-a-percent-and-decimal","/what-is-equivalent-to-35-50-fraction"
"/what-is-equivalent-to-36-50-fraction","Equivalent Fractions","36","50","18/25","0.72","72%","B","true","/what-is-equivalent-to-36-50-fraction","/36-50-as-a-percent-and-decimal"
"/36-50-as-a-percent-and-decimal","Percent and Decimal","36","50","18/25","0.72","72%","B","true","/36-50-as-a-percent-and-decimal","/what-is-equivalent-to-36-50-fraction"
"/what-is-equivalent-to-37-50-fraction","Equivalent Fractions","37","50","37/50","0.74","74%","B","true","/what-is-equivalent-to-37-50-fraction","/37-50-as-a-percent-and-decimal"
"/37-50-as-a-percent-and-decimal","Percent and Decimal","37","50","37/50","0.74","74%","B","true","/37-50-as-a-percent-and-decimal","/what-is-equivalent-to-37-50-fraction"
"/what-is-equivalent-to-38-50-fraction","Equivalent Fractions","38","50","19/25","0.76","76%","B","true","/what-is-equivalent-to-38-50-fraction","/38-50-as-a-percent-and-decimal"
"/38-50-as-a-percent-and-decimal","Percent and Decimal","38","50","19/25","0.76","76%","B","true","/38-50-as-a-percent-and-decimal","/what-is-equivalent-to-38-50-fraction"
"/what-is-equivalent-to-39-50-fraction","Equivalent Fractions","39","50","39/50","0.78","78%","B","true","/what-is-equivalent-to-39-50-fraction","/39-50-as-a-percent-and-decimal"
"/39-50-as-a-percent-and-decimal","Percent and Decimal","39","50","39/50","0.78","78%","B","true","/39-50-as-a-percent-and-decimal","/what-is-equivalent-to-39-50-fraction"
"/what-is-equivalent-to-41-50-fraction","Equivalent Fractions","41","50","41/50","0.82","82%","B","true","/what-is-equivalent-to-41-50-fraction","/41-50-as-a-percent-and-decimal"
"/41-50-as-a-percent-and-decimal","Percent and Decimal","41","50","41/50","0.82","82%","B","true","/41-50-as-a-percent-and-decimal","/what-is-equivalent-to-41-50-fraction"
"/what-is-equivalent-to-42-50-fraction","Equivalent Fractions","42","50","21/25","0.84","84%","B","true","/what-is-equivalent-to-42-50-fraction","/42-50-as-a-percent-and-decimal"
"/42-50-as-a-percent-and-decimal","Percent and Decimal","42","50","21/25","0.84","84%","B","true","/42-50-as-a-percent-and-decimal","/what-is-equivalent-to-42-50-fraction"
"/what-is-equivalent-to-43-50-fraction","Equivalent Fractions","43","50","43/50","0.86","86%","B","true","/what-is-equivalent-to-43-50-fraction","/43-50-as-a-percent-and-decimal"
"/43-50-as-a-percent-and-decimal","Percent and Decimal","43","50","43/50","0.86","86%","B","true","/43-50-as-a-percent-and-decimal","/what-is-equivalent-to-43-50-fraction"
"/what-is-equivalent-to-44-50-fraction","Equivalent Fractions","44","50","22/25","0.88","88%","B","true","/what-is-equivalent-to-44-50-fraction","/44-50-as-a-percent-and-decimal"
"/44-50-as-a-percent-and-decimal","Percent and Decimal","44","50","22/25","0.88","88%","B","true","/44-50-as-a-percent-and-decimal","/what-is-equivalent-to-44-50-fraction"
"/what-is-equivalent-to-45-50-fraction","Equivalent Fractions","45","50","9/10","0.9","90%","A","true","/what-is-equivalent-to-45-50-fraction","/45-50-as-a-percent-and-decimal"
"/45-50-as-a-percent-and-decimal","Percent and Decimal","45","50","9/10","0.9","90%","A","true","/45-50-as-a-percent-and-decimal","/what-is-equivalent-to-45-50-fraction"
"/what-is-equivalent-to-46-50-fraction","Equivalent Fractions","46","50","23/25","0.92","92%","B","true","/what-is-equivalent-to-46-50-fraction","/46-50-as-a-percent-and-decimal"
"/46-50-as-a-percent-and-decimal","Percent and Decimal","46","50","23/25","0.92","92%","B","true","/46-50-as-a-percent-and-decimal","/what-is-equivalent-to-46-50-fraction"
"/what-is-equivalent-to-47-50-fraction","Equivalent Fractions","47","50","47/50","0.94","94%","B","true","/what-is-equivalent-to-47-50-fraction","/47-50-as-a-percent-and-decimal"
"/47-50-as-a-percent-and-decimal","Percent and Decimal","47","50","47/50","0.94","94%","B","true","/47-50-as-a-percent-and-decimal","/what-is-equivalent-to-47-50-fraction"
"/what-is-equivalent-to-48-50-fraction","Equivalent Fractions","48","50","24/25","0.96","96%","B","true","/what-is-equivalent-to-48-50-fraction","/48-50-as-a-percent-and-decimal"
"/48-50-as-a-percent-and-decimal","Percent and Decimal","48","50","24/25","0.96","96%","B","true","/48-50-as-a-percent-and-decimal","/what-is-equivalent-to-48-50-fraction"
"/what-is-equivalent-to-49-50-fraction","Equivalent Fractions","49","50","49/50","0.98","98%","B","true","/what-is-equivalent-to-49-50-fraction","/49-50-as-a-percent-and-decimal"
"/49-50-as-a-percent-and-decimal","Percent and Decimal","49","50","49/50","0.98","98%","B","true","/49-50-as-a-percent-and-decimal","/what-is-equivalent-to-49-50-fraction"
"/what-is-equivalent-to-51-50-fraction","Equivalent Fractions","51","50","51/50","1.02","102%","B","true","/what-is-equivalent-to-51-50-fraction","/51-50-as-a-percent-and-decimal"
"/51-50-as-a-percent-and-decimal","Percent and Decimal","51","50","51/50","1.02","102%","B","true","/51-50-as-a-percent-and-decimal","/what-is-equivalent-to-51-50-fraction"
"/what-is-equivalent-to-52-50-fraction","Equivalent Fractions","52","50","26/25","1.04","104%","B","true","/what-is-equivalent-to-52-50-fraction","/52-50-as-a-percent-and-decimal"
"/52-50-as-a-percent-and-decimal","Percent and Decimal","52","50","26/25","1.04","104%","B","true","/52-50-as-a-percent-and-decimal","/what-is-equivalent-to-52-50-fraction"
"/what-is-equivalent-to-53-50-fraction","Equivalent Fractions","53","50","53/50","1.06","106%","B","true","/what-is-equivalent-to-53-50-fraction","/53-50-as-a-percent-and-decimal"
"/53-50-as-a-percent-and-decimal","Percent and Decimal","53","50","53/50","1.06","106%","B","true","/53-50-as-a-percent-and-decimal","/what-is-equivalent-to-53-50-fraction"
"/what-is-equivalent-to-54-50-fraction","Equivalent Fractions","54","50","27/25","1.08","108%","B","true","/what-is-equivalent-to-54-50-fraction","/54-50-as-a-percent-and-decimal"
"/54-50-as-a-percent-and-decimal","Percent and Decimal","54","50","27/25","1.08","108%","B","true","/54-50-as-a-percent-and-decimal","/what-is-equivalent-to-54-50-fraction"
"/what-is-equivalent-to-55-50-fraction","Equivalent Fractions","55","50","11/10","1.1","110%","B","true","/what-is-equivalent-to-55-50-fraction","/55-50-as-a-percent-and-decimal"
"/55-50-as-a-percent-and-decimal","Percent and Decimal","55","50","11/10","1.1","110%","B","true","/55-50-as-a-percent-and-decimal","/what-is-equivalent-to-55-50-fraction"
"/what-is-equivalent-to-56-50-fraction","Equivalent Fractions","56","50","28/25","1.12","112%","B","true","/what-is-equivalent-to-56-50-fraction","/56-50-as-a-percent-and-decimal"
"/56-50-as-a-percent-and-decimal","Percent and Decimal","56","50","28/25","1.12","112%","B","true","/56-50-as-a-percent-and-decimal","/what-is-equivalent-to-56-50-fraction"
"/what-is-equivalent-to-57-50-fraction","Equivalent Fractions","57","50","57/50","1.14","114%","C","true","/what-is-equivalent-to-57-50-fraction","/57-50-as-a-percent-and-decimal"
"/57-50-as-a-percent-and-decimal","Percent and Decimal","57","50","57/50","1.14","114%","C","true","/57-50-as-a-percent-and-decimal","/what-is-equivalent-to-57-50-fraction"
"/what-is-equivalent-to-58-50-fraction","Equivalent Fractions","58","50","29/25","1.16","116%","B","true","/what-is-equivalent-to-58-50-fraction","/58-50-as-a-percent-and-decimal"
"/58-50-as-a-percent-and-decimal","Percent and Decimal","58","50","29/25","1.16","116%","B","true","/58-50-as-a-percent-and-decimal","/what-is-equivalent-to-58-50-fraction"
"/what-is-equivalent-to-59-50-fraction","Equivalent Fractions","59","50","59/50","1.18","118%","B","true","/what-is-equivalent-to-59-50-fraction","/59-50-as-a-percent-and-decimal"
"/59-50-as-a-percent-and-decimal","Percent and Decimal","59","50","59/50","1.18","118%","B","true","/59-50-as-a-percent-and-decimal","/what-is-equivalent-to-59-50-fraction"
"/what-is-equivalent-to-61-50-fraction","Equivalent Fractions","61","50","61/50","1.22","122%","B","true","/what-is-equivalent-to-61-50-fraction","/61-50-as-a-percent-and-decimal"
"/61-50-as-a-percent-and-decimal","Percent and Decimal","61","50","61/50","1.22","122%","B","true","/61-50-as-a-percent-and-decimal","/what-is-equivalent-to-61-50-fraction"
"/what-is-equivalent-to-62-50-fraction","Equivalent Fractions","62","50","31/25","1.24","124%","B","true","/what-is-equivalent-to-62-50-fraction","/62-50-as-a-percent-and-decimal"
"/62-50-as-a-percent-and-decimal","Percent and Decimal","62","50","31/25","1.24","124%","B","true","/62-50-as-a-percent-and-decimal","/what-is-equivalent-to-62-50-fraction"
"/what-is-equivalent-to-63-50-fraction","Equivalent Fractions","63","50","63/50","1.26","126%","B","true","/what-is-equivalent-to-63-50-fraction","/63-50-as-a-percent-and-decimal"
"/63-50-as-a-percent-and-decimal","Percent and Decimal","63","50","63/50","1.26","126%","B","true","/63-50-as-a-percent-and-decimal","/what-is-equivalent-to-63-50-fraction"
"/what-is-equivalent-to-64-50-fraction","Equivalent Fractions","64","50","32/25","1.28","128%","B","true","/what-is-equivalent-to-64-50-fraction","/64-50-as-a-percent-and-decimal"
"/64-50-as-a-percent-and-decimal","Percent and Decimal","64","50","32/25","1.28","128%","B","true","/64-50-as-a-percent-and-decimal","/what-is-equivalent-to-64-50-fraction"
"/what-is-equivalent-to-65-50-fraction","Equivalent Fractions","65","50","13/10","1.3","130%","A","true","/what-is-equivalent-to-65-50-fraction","/65-50-as-a-percent-and-decimal"
"/65-50-as-a-percent-and-decimal","Percent and Decimal","65","50","13/10","1.3","130%","A","true","/65-50-as-a-percent-and-decimal","/what-is-equivalent-to-65-50-fraction"
"/what-is-equivalent-to-66-50-fraction","Equivalent Fractions","66","50","33/25","1.32","132%","B","true","/what-is-equivalent-to-66-50-fraction","/66-50-as-a-percent-and-decimal"
"/66-50-as-a-percent-and-decimal","Percent and Decimal","66","50","33/25","1.32","132%","B","true","/66-50-as-a-percent-and-decimal","/what-is-equivalent-to-66-50-fraction"
"/what-is-equivalent-to-67-50-fraction","Equivalent Fractions","67","50","67/50","1.34","134%","B","true","/what-is-equivalent-to-67-50-fraction","/67-50-as-a-percent-and-decimal"
"/67-50-as-a-percent-and-decimal","Percent and Decimal","67","50","67/50","1.34","134%","B","true","/67-50-as-a-percent-and-decimal","/what-is-equivalent-to-67-50-fraction"
"/what-is-equivalent-to-68-50-fraction","Equivalent Fractions","68","50","34/25","1.36","136%","B","true","/what-is-equivalent-to-68-50-fraction","/68-50-as-a-percent-and-decimal"
"/68-50-as-a-percent-and-decimal","Percent and Decimal","68","50","34/25","1.36","136%","B","true","/68-50-as-a-percent-and-decimal","/what-is-equivalent-to-68-50-fraction"
"/what-is-equivalent-to-69-50-fraction","Equivalent Fractions","69","50","69/50","1.38","138%","B","true","/what-is-equivalent-to-69-50-fraction","/69-50-as-a-percent-and-decimal"
"/69-50-as-a-percent-and-decimal","Percent and Decimal","69","50","69/50","1.38","138%","B","true","/69-50-as-a-percent-and-decimal","/what-is-equivalent-to-69-50-fraction"
"/what-is-equivalent-to-71-50-fraction","Equivalent Fractions","71","50","71/50","1.42","142%","B","true","/what-is-equivalent-to-71-50-fraction","/71-50-as-a-percent-and-decimal"
"/71-50-as-a-percent-and-decimal","Percent and Decimal","71","50","71/50","1.42","142%","B","true","/71-50-as-a-percent-and-decimal","/what-is-equivalent-to-71-50-fraction"
"/what-is-equivalent-to-72-50-fraction","Equivalent Fractions","72","50","36/25","1.44","144%","B","true","/what-is-equivalent-to-72-50-fraction","/72-50-as-a-percent-and-decimal"
"/72-50-as-a-percent-and-decimal","Percent and Decimal","72","50","36/25","1.44","144%","B","true","/72-50-as-a-percent-and-decimal","/what-is-equivalent-to-72-50-fraction"
"/what-is-equivalent-to-1-51-fraction","Equivalent Fractions","1","51","1/51","0.0196078431373","1.96078431373%","C","true","/what-is-equivalent-to-1-51-fraction","/1-51-as-a-percent-and-decimal"
"/1-51-as-a-percent-and-decimal","Percent and Decimal","1","51","1/51","0.0196078431373","1.96078431373%","C","true","/1-51-as-a-percent-and-decimal","/what-is-equivalent-to-1-51-fraction"
"/what-is-equivalent-to-1-52-fraction","Equivalent Fractions","1","52","1/52","0.0192307692308","1.92307692308%","C","true","/what-is-equivalent-to-1-52-fraction","/1-52-as-a-percent-and-decimal"
"/1-52-as-a-percent-and-decimal","Percent and Decimal","1","52","1/52","0.0192307692308","1.92307692308%","C","true","/1-52-as-a-percent-and-decimal","/what-is-equivalent-to-1-52-fraction"
"/what-is-equivalent-to-1-53-fraction","Equivalent Fractions","1","53","1/53","0.0188679245283","1.88679245283%","C","true","/what-is-equivalent-to-1-53-fraction","/1-53-as-a-percent-and-decimal"
"/1-53-as-a-percent-and-decimal","Percent and Decimal","1","53","1/53","0.0188679245283","1.88679245283%","C","true","/1-53-as-a-percent-and-decimal","/what-is-equivalent-to-1-53-fraction"
"/what-is-equivalent-to-1-54-fraction","Equivalent Fractions","1","54","1/54","0.0185185185185","1.85185185185%","C","true","/what-is-equivalent-to-1-54-fraction","/1-54-as-a-percent-and-decimal"
"/1-54-as-a-percent-and-decimal","Percent and Decimal","1","54","1/54","0.0185185185185","1.85185185185%","C","true","/1-54-as-a-percent-and-decimal","/what-is-equivalent-to-1-54-fraction"
"/what-is-equivalent-to-1-55-fraction","Equivalent Fractions","1","55","1/55","0.0181818181818","1.81818181818%","C","true","/what-is-equivalent-to-1-55-fraction","/1-55-as-a-percent-and-decimal"
"/1-55-as-a-percent-and-decimal","Percent and Decimal","1","55","1/55","0.0181818181818","1.81818181818%","C","true","/1-55-as-a-percent-and-decimal","/what-is-equivalent-to-1-55-fraction"
"/what-is-equivalent-to-1-56-fraction","Equivalent Fractions","1","56","1/56","0.0178571428571","1.78571428571%","C","true","/what-is-equivalent-to-1-56-fraction","/1-56-as-a-percent-and-decimal"
"/1-56-as-a-percent-and-decimal","Percent and Decimal","1","56","1/56","0.0178571428571","1.78571428571%","C","true","/1-56-as-a-percent-and-decimal","/what-is-equivalent-to-1-56-fraction"
"/what-is-equivalent-to-1-57-fraction","Equivalent Fractions","1","57","1/57","0.0175438596491","1.75438596491%","C","true","/what-is-equivalent-to-1-57-fraction","/1-57-as-a-percent-and-decimal"
"/1-57-as-a-percent-and-decimal","Percent and Decimal","1","57","1/57","0.0175438596491","1.75438596491%","C","true","/1-57-as-a-percent-and-decimal","/what-is-equivalent-to-1-57-fraction"
"/what-is-equivalent-to-1-58-fraction","Equivalent Fractions","1","58","1/58","0.0172413793103","1.72413793103%","C","true","/what-is-equivalent-to-1-58-fraction","/1-58-as-a-percent-and-decimal"
"/1-58-as-a-percent-and-decimal","Percent and Decimal","1","58","1/58","0.0172413793103","1.72413793103%","C","true","/1-58-as-a-percent-and-decimal","/what-is-equivalent-to-1-58-fraction"
"/what-is-equivalent-to-1-59-fraction","Equivalent Fractions","1","59","1/59","0.0169491525424","1.69491525424%","C","true","/what-is-equivalent-to-1-59-fraction","/1-59-as-a-percent-and-decimal"
"/1-59-as-a-percent-and-decimal","Percent and Decimal","1","59","1/59","0.0169491525424","1.69491525424%","C","true","/1-59-as-a-percent-and-decimal","/what-is-equivalent-to-1-59-fraction"
"/what-is-equivalent-to-1-60-fraction","Equivalent Fractions","1","60","1/60","0.0166666666667","1.66666666667%","B","true","/what-is-equivalent-to-1-60-fraction","/1-60-as-a-percent-and-decimal"
"/1-60-as-a-percent-and-decimal","Percent and Decimal","1","60","1/60","0.0166666666667","1.66666666667%","B","true","/1-60-as-a-percent-and-decimal","/what-is-equivalent-to-1-60-fraction"
"/what-is-equivalent-to-2-60-fraction","Equivalent Fractions","2","60","1/30","0.0333333333333","3.33333333333%","C","true","/what-is-equivalent-to-2-60-fraction","/2-60-as-a-percent-and-decimal"
"/2-60-as-a-percent-and-decimal","Percent and Decimal","2","60","1/30","0.0333333333333","3.33333333333%","C","true","/2-60-as-a-percent-and-decimal","/what-is-equivalent-to-2-60-fraction"
"/what-is-equivalent-to-3-60-fraction","Equivalent Fractions","3","60","1/20","0.05","5%","B","true","/what-is-equivalent-to-3-60-fraction","/3-60-as-a-percent-and-decimal"
"/3-60-as-a-percent-and-decimal","Percent and Decimal","3","60","1/20","0.05","5%","B","true","/3-60-as-a-percent-and-decimal","/what-is-equivalent-to-3-60-fraction"
"/what-is-equivalent-to-4-60-fraction","Equivalent Fractions","4","60","1/15","0.0666666666667","6.66666666667%","C","true","/what-is-equivalent-to-4-60-fraction","/4-60-as-a-percent-and-decimal"
"/4-60-as-a-percent-and-decimal","Percent and Decimal","4","60","1/15","0.0666666666667","6.66666666667%","C","true","/4-60-as-a-percent-and-decimal","/what-is-equivalent-to-4-60-fraction"
"/what-is-equivalent-to-5-60-fraction","Equivalent Fractions","5","60","1/12","0.0833333333333","8.33333333333%","C","true","/what-is-equivalent-to-5-60-fraction","/5-60-as-a-percent-and-decimal"
"/5-60-as-a-percent-and-decimal","Percent and Decimal","5","60","1/12","0.0833333333333","8.33333333333%","C","true","/5-60-as-a-percent-and-decimal","/what-is-equivalent-to-5-60-fraction"
"/what-is-equivalent-to-7-60-fraction","Equivalent Fractions","7","60","7/60","0.116666666667","11.6666666667%","C","true","/what-is-equivalent-to-7-60-fraction","/7-60-as-a-percent-and-decimal"
"/7-60-as-a-percent-and-decimal","Percent and Decimal","7","60","7/60","0.116666666667","11.6666666667%","C","true","/7-60-as-a-percent-and-decimal","/what-is-equivalent-to-7-60-fraction"
"/what-is-equivalent-to-8-60-fraction","Equivalent Fractions","8","60","2/15","0.133333333333","13.3333333333%","C","true","/what-is-equivalent-to-8-60-fraction","/8-60-as-a-percent-and-decimal"
"/8-60-as-a-percent-and-decimal","Percent and Decimal","8","60","2/15","0.133333333333","13.3333333333%","C","true","/8-60-as-a-percent-and-decimal","/what-is-equivalent-to-8-60-fraction"
"/what-is-equivalent-to-9-60-fraction","Equivalent Fractions","9","60","3/20","0.15","15%","B","true","/what-is-equivalent-to-9-60-fraction","/9-60-as-a-percent-and-decimal"
"/9-60-as-a-percent-and-decimal","Percent and Decimal","9","60","3/20","0.15","15%","B","true","/9-60-as-a-percent-and-decimal","/what-is-equivalent-to-9-60-fraction"
"/what-is-equivalent-to-11-60-fraction","Equivalent Fractions","11","60","11/60","0.183333333333","18.3333333333%","C","true","/what-is-equivalent-to-11-60-fraction","/11-60-as-a-percent-and-decimal"
"/11-60-as-a-percent-and-decimal","Percent and Decimal","11","60","11/60","0.183333333333","18.3333333333%","C","true","/11-60-as-a-percent-and-decimal","/what-is-equivalent-to-11-60-fraction"
"/what-is-equivalent-to-13-60-fraction","Equivalent Fractions","13","60","13/60","0.216666666667","21.6666666667%","C","true","/what-is-equivalent-to-13-60-fraction","/13-60-as-a-percent-and-decimal"
"/13-60-as-a-percent-and-decimal","Percent and Decimal","13","60","13/60","0.216666666667","21.6666666667%","C","true","/13-60-as-a-percent-and-decimal","/what-is-equivalent-to-13-60-fraction"
"/what-is-equivalent-to-14-60-fraction","Equivalent Fractions","14","60","7/30","0.233333333333","23.3333333333%","C","true","/what-is-equivalent-to-14-60-fraction","/14-60-as-a-percent-and-decimal"
"/14-60-as-a-percent-and-decimal","Percent and Decimal","14","60","7/30","0.233333333333","23.3333333333%","C","true","/14-60-as-a-percent-and-decimal","/what-is-equivalent-to-14-60-fraction"
"/what-is-equivalent-to-16-60-fraction","Equivalent Fractions","16","60","4/15","0.266666666667","26.6666666667%","C","true","/what-is-equivalent-to-16-60-fraction","/16-60-as-a-percent-and-decimal"
"/16-60-as-a-percent-and-decimal","Percent and Decimal","16","60","4/15","0.266666666667","26.6666666667%","C","true","/16-60-as-a-percent-and-decimal","/what-is-equivalent-to-16-60-fraction"
"/what-is-equivalent-to-17-60-fraction","Equivalent Fractions","17","60","17/60","0.283333333333","28.3333333333%","C","true","/what-is-equivalent-to-17-60-fraction","/17-60-as-a-percent-and-decimal"
"/17-60-as-a-percent-and-decimal","Percent and Decimal","17","60","17/60","0.283333333333","28.3333333333%","C","true","/17-60-as-a-percent-and-decimal","/what-is-equivalent-to-17-60-fraction"
"/what-is-equivalent-to-19-60-fraction","Equivalent Fractions","19","60","19/60","0.316666666667","31.6666666667%","C","true","/what-is-equivalent-to-19-60-fraction","/19-60-as-a-percent-and-decimal"
"/19-60-as-a-percent-and-decimal","Percent and Decimal","19","60","19/60","0.316666666667","31.6666666667%","C","true","/19-60-as-a-percent-and-decimal","/what-is-equivalent-to-19-60-fraction"
"/what-is-equivalent-to-21-60-fraction","Equivalent Fractions","21","60","7/20","0.35","35%","B","true","/what-is-equivalent-to-21-60-fraction","/21-60-as-a-percent-and-decimal"
"/21-60-as-a-percent-and-decimal","Percent and Decimal","21","60","7/20","0.35","35%","B","true","/21-60-as-a-percent-and-decimal","/what-is-equivalent-to-21-60-fraction"
"/what-is-equivalent-to-22-60-fraction","Equivalent Fractions","22","60","11/30","0.366666666667","36.6666666667%","C","true","/what-is-equivalent-to-22-60-fraction","/22-60-as-a-percent-and-decimal"
"/22-60-as-a-percent-and-decimal","Percent and Decimal","22","60","11/30","0.366666666667","36.6666666667%","C","true","/22-60-as-a-percent-and-decimal","/what-is-equivalent-to-22-60-fraction"
"/what-is-equivalent-to-23-60-fraction","Equivalent Fractions","23","60","23/60","0.383333333333","38.3333333333%","C","true","/what-is-equivalent-to-23-60-fraction","/23-60-as-a-percent-and-decimal"
"/23-60-as-a-percent-and-decimal","Percent and Decimal","23","60","23/60","0.383333333333","38.3333333333%","C","true","/23-60-as-a-percent-and-decimal","/what-is-equivalent-to-23-60-fraction"
"/what-is-equivalent-to-25-60-fraction","Equivalent Fractions","25","60","5/12","0.416666666667","41.6666666667%","C","true","/what-is-equivalent-to-25-60-fraction","/25-60-as-a-percent-and-decimal"
"/25-60-as-a-percent-and-decimal","Percent and Decimal","25","60","5/12","0.416666666667","41.6666666667%","C","true","/25-60-as-a-percent-and-decimal","/what-is-equivalent-to-25-60-fraction"
"/what-is-equivalent-to-26-60-fraction","Equivalent Fractions","26","60","13/30","0.433333333333","43.3333333333%","C","true","/what-is-equivalent-to-26-60-fraction","/26-60-as-a-percent-and-decimal"
"/26-60-as-a-percent-and-decimal","Percent and Decimal","26","60","13/30","0.433333333333","43.3333333333%","C","true","/26-60-as-a-percent-and-decimal","/what-is-equivalent-to-26-60-fraction"
"/what-is-equivalent-to-27-60-fraction","Equivalent Fractions","27","60","9/20","0.45","45%","B","true","/what-is-equivalent-to-27-60-fraction","/27-60-as-a-percent-and-decimal"
"/27-60-as-a-percent-and-decimal","Percent and Decimal","27","60","9/20","0.45","45%","B","true","/27-60-as-a-percent-and-decimal","/what-is-equivalent-to-27-60-fraction"
"/what-is-equivalent-to-28-60-fraction","Equivalent Fractions","28","60","7/15","0.466666666667","46.6666666667%","C","true","/what-is-equivalent-to-28-60-fraction","/28-60-as-a-percent-and-decimal"
"/28-60-as-a-percent-and-decimal","Percent and Decimal","28","60","7/15","0.466666666667","46.6666666667%","C","true","/28-60-as-a-percent-and-decimal","/what-is-equivalent-to-28-60-fraction"
"/what-is-equivalent-to-32-60-fraction","Equivalent Fractions","32","60","8/15","0.533333333333","53.3333333333%","C","true","/what-is-equivalent-to-32-60-fraction","/32-60-as-a-percent-and-decimal"
"/32-60-as-a-percent-and-decimal","Percent and Decimal","32","60","8/15","0.533333333333","53.3333333333%","C","true","/32-60-as-a-percent-and-decimal","/what-is-equivalent-to-32-60-fraction"
"/what-is-equivalent-to-33-60-fraction","Equivalent Fractions","33","60","11/20","0.55","55%","C","true","/what-is-equivalent-to-33-60-fraction","/33-60-as-a-percent-and-decimal"
"/33-60-as-a-percent-and-decimal","Percent and Decimal","33","60","11/20","0.55","55%","C","true","/33-60-as-a-percent-and-decimal","/what-is-equivalent-to-33-60-fraction"
"/what-is-equivalent-to-34-60-fraction","Equivalent Fractions","34","60","17/30","0.566666666667","56.6666666667%","C","true","/what-is-equivalent-to-34-60-fraction","/34-60-as-a-percent-and-decimal"
"/34-60-as-a-percent-and-decimal","Percent and Decimal","34","60","17/30","0.566666666667","56.6666666667%","C","true","/34-60-as-a-percent-and-decimal","/what-is-equivalent-to-34-60-fraction"
"/what-is-equivalent-to-35-60-fraction","Equivalent Fractions","35","60","7/12","0.583333333333","58.3333333333%","C","true","/what-is-equivalent-to-35-60-fraction","/35-60-as-a-percent-and-decimal"
"/35-60-as-a-percent-and-decimal","Percent and Decimal","35","60","7/12","0.583333333333","58.3333333333%","C","true","/35-60-as-a-percent-and-decimal","/what-is-equivalent-to-35-60-fraction"
"/what-is-equivalent-to-38-60-fraction","Equivalent Fractions","38","60","19/30","0.633333333333","63.3333333333%","C","true","/what-is-equivalent-to-38-60-fraction","/38-60-as-a-percent-and-decimal"
"/38-60-as-a-percent-and-decimal","Percent and Decimal","38","60","19/30","0.633333333333","63.3333333333%","C","true","/38-60-as-a-percent-and-decimal","/what-is-equivalent-to-38-60-fraction"
"/what-is-equivalent-to-39-60-fraction","Equivalent Fractions","39","60","13/20","0.65","65%","B","true","/what-is-equivalent-to-39-60-fraction","/39-60-as-a-percent-and-decimal"
"/39-60-as-a-percent-and-decimal","Percent and Decimal","39","60","13/20","0.65","65%","B","true","/39-60-as-a-percent-and-decimal","/what-is-equivalent-to-39-60-fraction"
"/what-is-equivalent-to-44-60-fraction","Equivalent Fractions","44","60","11/15","0.733333333333","73.3333333333%","C","true","/what-is-equivalent-to-44-60-fraction","/44-60-as-a-percent-and-decimal"
"/44-60-as-a-percent-and-decimal","Percent and Decimal","44","60","11/15","0.733333333333","73.3333333333%","C","true","/44-60-as-a-percent-and-decimal","/what-is-equivalent-to-44-60-fraction"
"/what-is-equivalent-to-46-60-fraction","Equivalent Fractions","46","60","23/30","0.766666666667","76.6666666667%","C","true","/what-is-equivalent-to-46-60-fraction","/46-60-as-a-percent-and-decimal"
"/46-60-as-a-percent-and-decimal","Percent and Decimal","46","60","23/30","0.766666666667","76.6666666667%","C","true","/46-60-as-a-percent-and-decimal","/what-is-equivalent-to-46-60-fraction"
"/what-is-equivalent-to-51-60-fraction","Equivalent Fractions","51","60","17/20","0.85","85%","B","true","/what-is-equivalent-to-51-60-fraction","/51-60-as-a-percent-and-decimal"
"/51-60-as-a-percent-and-decimal","Percent and Decimal","51","60","17/20","0.85","85%","B","true","/51-60-as-a-percent-and-decimal","/what-is-equivalent-to-51-60-fraction"
"/what-is-equivalent-to-52-60-fraction","Equivalent Fractions","52","60","13/15","0.866666666667","86.6666666667%","C","true","/what-is-equivalent-to-52-60-fraction","/52-60-as-a-percent-and-decimal"
"/52-60-as-a-percent-and-decimal","Percent and Decimal","52","60","13/15","0.866666666667","86.6666666667%","C","true","/52-60-as-a-percent-and-decimal","/what-is-equivalent-to-52-60-fraction"
"/what-is-equivalent-to-55-60-fraction","Equivalent Fractions","55","60","11/12","0.916666666667","91.6666666667%","C","true","/what-is-equivalent-to-55-60-fraction","/55-60-as-a-percent-and-decimal"
"/55-60-as-a-percent-and-decimal","Percent and Decimal","55","60","11/12","0.916666666667","91.6666666667%","C","true","/55-60-as-a-percent-and-decimal","/what-is-equivalent-to-55-60-fraction"
"/what-is-equivalent-to-56-60-fraction","Equivalent Fractions","56","60","14/15","0.933333333333","93.3333333333%","C","true","/what-is-equivalent-to-56-60-fraction","/56-60-as-a-percent-and-decimal"
"/56-60-as-a-percent-and-decimal","Percent and Decimal","56","60","14/15","0.933333333333","93.3333333333%","C","true","/56-60-as-a-percent-and-decimal","/what-is-equivalent-to-56-60-fraction"
"/what-is-equivalent-to-57-60-fraction","Equivalent Fractions","57","60","19/20","0.95","95%","B","true","/what-is-equivalent-to-57-60-fraction","/57-60-as-a-percent-and-decimal"
"/57-60-as-a-percent-and-decimal","Percent and Decimal","57","60","19/20","0.95","95%","B","true","/57-60-as-a-percent-and-decimal","/what-is-equivalent-to-57-60-fraction"
"/what-is-equivalent-to-58-60-fraction","Equivalent Fractions","58","60","29/30","0.966666666667","96.6666666667%","C","true","/what-is-equivalent-to-58-60-fraction","/58-60-as-a-percent-and-decimal"
"/58-60-as-a-percent-and-decimal","Percent and Decimal","58","60","29/30","0.966666666667","96.6666666667%","C","true","/58-60-as-a-percent-and-decimal","/what-is-equivalent-to-58-60-fraction"
"/what-is-equivalent-to-63-60-fraction","Equivalent Fractions","63","60","21/20","1.05","105%","B","true","/what-is-equivalent-to-63-60-fraction","/63-60-as-a-percent-and-decimal"
"/63-60-as-a-percent-and-decimal","Percent and Decimal","63","60","21/20","1.05","105%","B","true","/63-60-as-a-percent-and-decimal","/what-is-equivalent-to-63-60-fraction"
"/what-is-equivalent-to-69-60-fraction","Equivalent Fractions","69","60","23/20","1.15","115%","C","true","/what-is-equivalent-to-69-60-fraction","/69-60-as-a-percent-and-decimal"
"/69-60-as-a-percent-and-decimal","Percent and Decimal","69","60","23/20","1.15","115%","C","true","/69-60-as-a-percent-and-decimal","/what-is-equivalent-to-69-60-fraction"
